Workbook

Sheet HORARIOS_ENE_2026
A1: REGION | B1: ADMINISTRADOR | C1: UNIDAD DE NEGOCIO | D1: 1 | F1: 2 | H1: 3 | J1: 4 | L1: 5 | N1: 6 | P1: 7 | R1: 8 | T1: 9 | V1: 10 | X1: 11 | Z1: 12 | AB1: 13 | AD1: 14 | AF1: 15 | AH1: 16 | AJ1: 17 | AL1: 18 | AN1: 19 | AP1: 20 | AR1: 21 | AT1: 22 | AV1: 23 | AX1: 24 | AZ1: 25 | BB1: 26 | BD1: 27 | BF1: 28 | BH1: 29 | BJ1: 30 | BL1: 31
D2: M | E2: V | F2: M | G2: V | H2: M | I2: V | J2: M | K2: V | L2: M | M2: V | N2: M | O2: V | P2: M | Q2: V | R2: M | S2: V | T2: M | U2: V | V2: M | W2: V | X2: M | Y2: V | Z2: M | AA2: V | AB2: M | AC2: V | AD2: M | AE2: V | AF2: M | AG2: V | AH2: M | AI2: V | AJ2: M | AK2: V | AL2: M | AM2: V | AN2: M | AO2: V | AP2: M | AQ2: V | AR2: M | AS2: V | AT2: M | AU2: V | AV2: M | AW2: V | AX2: M | AY2: V | AZ2: M | BA2: V | BB2: M | BC2: V | BD2: M | BE2: V | BF2: M | BG2: V | BH2: M | BI2: V | BJ2: M | BK2: V | BL2: M | BM2: V
A3: R1 | B3: ALFREDO OLVERA | C3: AZCAPOPARK | Z3: 0.35069444 | AA3: 0.16111111 | AB3: 0.36666667 | AC3: 0.16458333 | AD3: 0.35347222 | AE3: 0.16388889 | AF3: 0.35833333 | AH3: 0.34652778 | AI3: 0.16458333 | AN3: 0.35486111 | AO3: 0.16944444 | AP3: 0.35625 | AQ3: 0.16597222 | AR3: 0.35138889 | AS3: 0.16597222 | AT3: 0.35555556 | AU3: 0.16041667 | AV3: 0.35763889 | AX3: 0.35972222 | AY3: 0.50069444 | BB3: 0.35486111 | BN3: =A3&"|"&B3&"|"&C3 -> R1|ALFREDO OLVERA|AZCAPOPARK
A4: R1 | B4: ALFREDO OLVERA | C4: VALLEJO PARK | F4: 0.37986111 | G4: 0.68819444 | L4: 0.36041667 | M4: 0.66388889 | N4: 0.35972222 | R4: 0.40069444 | T4: 0.35833333 | U4: 0.67569444 | V4: 0.37777778 | W4: 0.57361111 | AU4: 0.16041667 | AW4: 0.17777778 | BN4: =A4&"|"&B4&"|"&C4 -> R1|ALFREDO OLVERA|VALLEJO PARK
A5: R1 | B5: MARTIN BAUME | C5: GB | Z5: 0.34652778 | AA5: 0.14930556 | AB5: 0.34930556 | AC5: 0.17222222 | AD5: 0.35625 | AE5: 0.20763889 | AF5: 0.33819444 | AH5: 0.3375 | AI5: 0.17013889 | AN5: 0.35 | AO5: 0.17430556 | AP5: 0.35277778 | AQ5: 0.16111111 | AR5: 0.35763889 | AS5: 0.14097222 | AU5: 0.16666667 | AV5: 0.35416667 | AW5: 0.16458333 | AX5: 0.34583333 | BB5: 0.37430556 | BN5: =A5&"|"&B5&"|"&C5 -> R1|MARTIN BAUME|GB
A6: R1 | B6: MARTIN BAUME | C6: CEYLAN | F6: 0.35902778 | G6: 0.66597222 | L6: 0.3625 | M6: 0.67430556 | N6: 0.34722222 | O6: 0.64375 | R6: 0.36666667 | S6: 0.65625 | T6: 0.37013889 | U6: 0.66388889 | AT6: 0.36111111 | BN6: =A6&"|"&B6&"|"&C6 -> R1|MARTIN BAUME|CEYLAN
A7: R1 | B7: MARTIN BAUME | C7: 100 METROS | BN7: =A7&"|"&B7&"|"&C7 -> R1|MARTIN BAUME|100 METROS
A8: R1 | B8: MARTIN BAUME | C8: PINO | BN8: =A8&"|"&B8&"|"&C8 -> R1|MARTIN BAUME|PINO
A9: R1 | B9: MARTIN BAUME | C9: VALLEJO 1746 | BN9: =A9&"|"&B9&"|"&C9 -> R1|MARTIN BAUME|VALLEJO 1746
A10: R1 | B10: JAIR ABRAHAM GONZALEZ | C10: TLANE PARK III | Z10: 0.36319444 | AA10: 0.16597222 | AB10: 0.35138889 | AC10: 0.16180556 | AD10: 0.35416667 | AE10: 0.12638889 | AF10: 0.35972222 | AH10: 0.35416667 | AI10: 0.13263889 | AO10: 0.15347222 | AP10: 0.3625 | AR10: 0.35208333 | AS10: 0.16041667 | AT10: 0.35555556 | AU10: 0.18472222 | BB10: 0.35833333 | BN10: =A10&"|"&B10&"|"&C10 -> R1|JAIR ABRAHAM GONZALEZ|TLANE PARK III
A11: R1 | B11: JAIR ABRAHAM GONZALEZ | C11: VIA MORELOS | AN11: 0.35972222 | AV11: 0.36041667 | BN11: =A11&"|"&B11&"|"&C11 -> R1|JAIR ABRAHAM GONZALEZ|VIA MORELOS
A12: R1 | B12: JAIR ABRAHAM GONZALEZ | C12: TLANE PARK V | BN12: =A12&"|"&B12&"|"&C12 -> R1|JAIR ABRAHAM GONZALEZ|TLANE PARK V
A13: R1 | B13: JAIR ABRAHAM GONZALEZ | C13: VALLEJO 2000 | BN13: =A13&"|"&B13&"|"&C13 -> R1|JAIR ABRAHAM GONZALEZ|VALLEJO 2000
A14: R1 | B14: JAIR ABRAHAM GONZALEZ | C14: LA PRESA | BN14: =A14&"|"&B14&"|"&C14 -> R1|JAIR ABRAHAM GONZALEZ|LA PRESA
A15: R1 | B15: JAIR ABRAHAM GONZALEZ | C15: CHIQUIHUITE (WALMART) | BN15: =A15&"|"&B15&"|"&C15 -> R1|JAIR ABRAHAM GONZALEZ|CHIQUIHUITE (WALMART)
A16: R1 | B16: GEOVANI PEÑA | C16: LOS REYES | Z16: 0.33680556 | AA16: 0.17013889 | AB16: 0.35277778 | AD16: 0.34791667 | AE16: 0.17361111 | AH16: 0.32847222 | AI16: 0.18194444 | AJ16: 0.36736111 | AN16: 0.35208333 | AO16: 0.16944444 | AP16: 0.35902778 | AQ16: 0.17291667 | AR16: 0.33611111 | AS16: 0.18680556 | AT16: 0.35416667 | AU16: 0.17777778 | AV16: 0.33888889 | AW16: 0.17986111 | BB16: 0.32708333 | BN16: =A16&"|"&B16&"|"&C16 -> R1|GEOVANI PEÑA|LOS REYES
A17: R1 | B17: GEOVANI PEÑA | C17: IXTAPALUCA | H17: 0.35416667 | L17: 0.31597222 | M17: 0.66319444 | N17: 0.32569444 | O17: 0.66319444 | P17: 0.33055556 | Q17: 0.70902778 | R17: 0.32847222 | S17: 0.66666667 | T17: 0.33472222 | U17: 0.68194444 | BN17: =A17&"|"&B17&"|"&C17 -> R1|GEOVANI PEÑA|IXTAPALUCA
A18: R1 | B18: GEOVANI PEÑA | C18: IZTAPALAPA | BN18: =A18&"|"&B18&"|"&C18 -> R1|GEOVANI PEÑA|IZTAPALAPA
A19: R2 | B19: OMAR SANCHEZ | C19: TULTI PARK I | Z19: 0.37777778 | AA19: 0.12708333 | AB19: 0.38125 | AC19: 0.12569444 | AD19: 0.38402778 | AE19: 0.13888889 | AF19: 0.37916667 | AG19: 0.13125 | AH19: 0.38680556 | AI19: 0.12638889 | AJ19: 0.38333333 | AN19: 0.38125 | AO19: 0.13194444 | AP19: 0.37986111 | AQ19: 0.13055556 | AR19: 0.38472222 | AT19: 0.45138889 | AU19: 0.12222222 | AV19: 0.38472222 | AW19: 0.16180556 | BB19: 0.37847222 | BN19: =A19&"|"&B19&"|"&C19 -> R2|OMAR SANCHEZ|TULTI PARK I
A20: R2 | B20: ARTURO ESPINOSA | C20: JAMES WATT | F20: 0.35625 | G20: 0.60416667 | H20: 0.37083333 | L20: 0.35555556 | M20: 0.63263889 | N20: 0.34861111 | O20: 0.63472222 | P20: 0.34444444 | Q20: 0.63888889 | R20: 0.34097222 | S20: 0.64097222 | T20: 0.34444444 | U20: 0.60902778 | V20: 0.35625 | Z20: 0.34791667 | AA20: 0.12430556 | AB20: 0.34861111 | AC20: 0.092361111 | AD20: 0.34375 | AE20: 0.11319444 | AF20: 0.34444444 | AG20: 0.10555556 | AH20: 0.34097222 | AI20: 0.10208333 | AN20: 0.35347222 | AO20: 0.12916667 | AP20: 0.35694444 | AQ20: 0.14236111 | AR20: 0.36666667 | AS20: 0.13819444 | AT20: 0.39444444 | AU20: 0.12986111 | AV20: 0.33958333 | AW20: 0.13055556 | AX20: 0.30555556 | BB20: 0.35416667 | BN20: =A20&"|"&B20&"|"&C20 -> R2|ARTURO ESPINOSA|JAMES WATT
A21: R2 | B21: ARTURO VALERIO | C21: LA PALMA | Z21: 0.3625 | AA21: 0.15833333 | AD21: 0.37638889 | AE21: 0.19513889 | AF21: 0.38611111 | AN21: 0.38402778 | AP21: 0.37986111 | AQ21: 0.13611111 | BN21: =A21&"|"&B21&"|"&C21 -> R2|ARTURO VALERIO|LA PALMA
A22: R2 | B22: ARTURO VALERIO | C22: LA JOYA I Y II | AC22: 0.15416667 | AH22: 0.36875 | AR22: 0.38541667 | BN22: =A22&"|"&B22&"|"&C22 -> R2|ARTURO VALERIO|LA JOYA I Y II
A23: R2 | B23: ARTURO VALERIO | C23: LA JOYA III | AG23: 0.19097222 | AO23: 0.13958333 | AT23: 0.34861111 | BN23: =A23&"|"&B23&"|"&C23 -> R2|ARTURO VALERIO|LA JOYA III
A24: R2 | B24: ARTURO VALERIO | C24: LA JOYA IV | BN24: =A24&"|"&B24&"|"&C24 -> R2|ARTURO VALERIO|LA JOYA IV
A25: R2 | B25: ARTURO VALERIO | C25: LA JOYA V | BN25: =A25&"|"&B25&"|"&C25 -> R2|ARTURO VALERIO|LA JOYA V
A26: R2 | B26: ARTURO VALERIO | C26: DIAMANTE | AU26: 0.13888889 | BB26: 0.37777778 | BN26: =A26&"|"&B26&"|"&C26 -> R2|ARTURO VALERIO|DIAMANTE
A27: R2 | B27: ARTURO VALERIO | C27: PUMA | AB27: 0.37638889 | AV27: 0.35347222 | BN27: =A27&"|"&B27&"|"&C27 -> R2|ARTURO VALERIO|PUMA
A28: R2 | B28: MONSERRAT ESQUIVEL | C28: TULTITLAN I | Z28: 0.35625 | AA28: 0.14375 | AB28: 0.38194444 | AC28: 0.14930556 | AD28: 0.40277778 | AE28: 0.15 | AF28: 0.39791667 | AG28: 0.15138889 | AH28: 0.36597222 | AI28: 0.14791667 | AN28: 0.37986111 | AO28: 0.15625 | AP28: 0.38472222 | AR28: 0.38055556 | AT28: 0.37430556 | AU28: 0.14861111 | AV28: 0.38541667 | AW28: 0.15347222 | BB28: 0.37361111 | BN28: =A28&"|"&B28&"|"&C28 -> R2|MONSERRAT ESQUIVEL|TULTITLAN I
A29: R2 | B29: RAFAEL PONCE | C29: TULTITLAN II | F29: 0.36944444 | G29: 0.65138889 | L29: 0.37291667 | M29: 0.66944444 | N29: 0.38472222 | O29: 0.64583333 | P29: 0.38888889 | Q29: 0.64652778 | R29: 0.36319444 | S29: 0.64722222 | T29: 0.37013889 | U29: 0.65486111 | Z29: 0.36666667 | AA29: 0.19444444 | AB29: 0.37708333 | AC29: 0.16597222 | AF29: 0.40347222 | AG29: 0.1375 | AN29: 0.36805556 | AP29: 0.37777778 | AR29: 0.35416667 | AT29: 0.36527778 | AV29: 0.36666667 | AW29: 0.13680556 | BB29: 0.36527778 | BN29: =A29&"|"&B29&"|"&C29 -> R2|RAFAEL PONCE|TULTITLAN II
A30: R3 | B30: CARLOS A. CARRILLO | C30: TULTI PARK II | F30: 0.38541667 | G30: 0.69583333 | H30: 0.475 | L30: 0.42986111 | M30: 0.69166667 | N30: 0.44861111 | O30: 0.67638889 | P30: 0.4 | Q30: 0.68055556 | R30: 0.37152778 | S30: 0.70625 | T30: 0.37222222 | U30: 0.61944444 | V30: 0.37986111 | Z30: 0.35972222 | AA30: 0.13958333 | AB30: 0.35694444 | AC30: 0.13611111 | AD30: 0.41736111 | AE30: 0.11666667 | AF30: 0.37708333 | AG30: 0.21041667 | AH30: 0.37152778 | AI30: 0.14166667 | AJ30: 0.42708333 | AN30: 0.3625 | AO30: 0.15 | AP30: 0.41527778 | AQ30: 0.14166667 | AR30: 0.35277778 | AS30: 0.15555556 | AT30: 0.37361111 | AU30: 0.1375 | AV30: 0.36805556 | AW30: 0.12986111 | BN30: =A30&"|"&B30&"|"&C30 -> R3|CARLOS A. CARRILLO|TULTI PARK II
A31: R3 | B31: IVAN GONZALEZ | C31: TULTI PARK III | L31: 0.34305556 | M31: 0.64930556 | R31: 0.34305556 | S31: 0.62777778 | T31: 0.34861111 | U31: 0.62638889 | Z31: 0.35763889 | AA31: 0.15486111 | AB31: 0.3625 | AC31: 0.15 | AD31: 0.37222222 | AE31: 0.13402778 | AF31: 0.36180556 | AG31: 0.14722222 | AH31: 0.36805556 | AI31: 0.14375 | AN31: 0.34722222 | AO31: 0.13125 | AP31: 0.37222222 | AQ31: 0.16875 | AR31: 0.35416667 | AS31: 0.13472222 | AT31: 0.35277778 | AU31: 0.17152778 | AV31: 0.36805556 | AW31: 0.15486111 | BB31: 0.35069444 | BN31: =A31&"|"&B31&"|"&C31 -> R3|IVAN GONZALEZ|TULTI PARK III
A32: R3 | B32: ANDREA F. MIRANDA | C32: TULTI PARK IV | F32: 0.35347222 | G32: 0.70694444 | L32: 0.37430556 | M32: 0.67777778 | N32: 0.36458333 | O32: 0.675 | P32: 0.3625 | Q32: 0.65069444 | R32: 0.35902778 | S32: 0.65555556 | T32: 0.3625 | U32: 0.65138889 | Z32: 0.37013889 | AA32: 0.15555556 | AB32: 0.35902778 | AD32: 0.37777778 | AE32: 0.15972222 | AF32: 0.37083333 | AH32: 0.36319444 | AI32: 0.15694444 | AJ32: 0.39652778 | AN32: 0.37013889 | AP32: 0.38263889 | AQ32: 0.18472222 | AR32: 0.36666667 | AS32: 0.20277778 | AT32: 0.36666667 | AU32: 0.14861111 | AV32: 0.37708333 | BB32: 0.38194444 | BN32: =A32&"|"&B32&"|"&C32 -> R3|ANDREA F. MIRANDA|TULTI PARK IV
A33: R3 | B33: ANDREA F. MIRANDA | C33: COACALCO | BN33: =A33&"|"&B33&"|"&C33 -> R3|ANDREA F. MIRANDA|COACALCO
A34: R3 | B34: MARCO A. CERVANTES | C34: MEXIQUENSE | F34: 0.35486111 | G34: 0.69097222 | L34: 0.34930556 | M34: 0.64652778 | N34: 0.34930556 | O34: 0.63611111 | P34: 0.35069444 | Q34: 0.66111111 | R34: 0.35 | T34: 0.35486111 | U34: 0.64513889 | Z34: 0.35763889 | AA34: 0.15902778 | AB34: 0.34513889 | AC34: 0.16180556 | AD34: 0.36875 | AE34: 0.15208333 | AF34: 0.35555556 | AG34: 0.13541667 | AH34: 0.36597222 | AI34: 0.12430556 | AJ34: 0.36111111 | AN34: 0.35625 | AO34: 0.15208333 | AP34: 0.3625 | AQ34: 0.13263889 | AR34: 0.3625 | AS34: 0.11458333 | AT34: 0.36319444 | AU34: 0.175 | AV34: 0.34652778 | BB34: 0.34791667 | BN34: =A34&"|"&B34&"|"&C34 -> R3|MARCO A. CERVANTES|MEXIQUENSE
A35: R3 | B35: MARCO A. CERVANTES | C35: COACALCO II | AC35: 0.16597222 | AD35: 0.36875 | AT35: 0.48194444
A36: R3 | B36: PAOLA S. ANSELMO | C36: TULTE PARK | F36: 0.35972222 | G36: 0.64722222 | L36: 0.35833333 | M36: 0.67708333 | N36: 0.35208333 | P36: 0.34861111 | Q36: 0.69236111 | R36: 0.34861111 | S36: 0.65833333 | T36: 0.34375 | U36: 0.67430556 | V36: 0.39722222 | Z36: 0.35763889 | AA36: 0.16666667 | AB36: 0.35694444 | AC36: 0.10069444 | AD36: 0.36458333 | AF36: 0.34583333 | AG36: 0.13611111 | AH36: 0.33055556 | AI36: 0.13402778 | AN36: 0.35972222 | AO36: 0.18055556 | AP36: 0.36111111 | AQ36: 0.12916667 | AR36: 0.41597222 | AT36: 0.35972222 | AU36: 0.16875 | AV36: 0.37777778 | AW36: 0.13055556 | AX36: 0.38125 | BB36: 0.35416667 | BN36: =A36&"|"&B36&"|"&C36 -> R3|PAOLA S. ANSELMO|TULTE PARK
A37: R4 | B37: JESUS BECERRA | C37: LAGO I | F37: 0.37916667 | L37: 0.35763889 | M37: 0.64583333 | N37: 0.35833333 | P37: 0.38888889 | R37: 0.375 | S37: 0.68472222 | T37: 0.38541667 | V37: 0.37986111 | AR37: 0.375 | AS37: 0.13472222 | BN37: =A37&"|"&B37&"|"&C37 -> R4|JESUS BECERRA|LAGO I
A38: R4 | B38: JESUS BECERRA | C38: LAGO II | F38: 0.40347222 | G38: 0.675 | H38: 0.40416667 | O38: 0.66597222 | Q38: 0.63263889 | U38: 0.65486111 | Z38: 0.35555556 | AA38: 0.16875 | AB38: 0.32986111 | AC38: 0.12291667 | AD38: 0.37291667 | AE38: 0.125 | AF38: 0.36041667 | AG38: 0.15833333 | AH38: 0.39097222 | AI38: 0.13819444 | AJ38: 0.35347222 | AK38: 0.53541667 | AN38: 0.37152778 | AO38: 0.17222222 | AP38: 0.36319444 | AQ38: 0.14236111 | AT38: 0.37152778 | AU38: 0.16180556 | AV38: 0.3625 | AW38: 0.12638889 | AX38: 0.38541667 | BB38: 0.3625 | BN38: =A38&"|"&B38&"|"&C38 -> R4|JESUS BECERRA|LAGO II
A39: R4 | B39: EDGAR S. MARQUEZ | C39: LAGO III | AB39: 0.36111111 | AC39: 0.15902778 | AF39: 0.35902778 | AG39: 0.14375 | AI39: 0.13402778 | AN39: 0.36319444 | AR39: 0.35486111 | AS39: 0.15763889 | AW39: 0.14791667 | BN39: =A39&"|"&B39&"|"&C39 -> R4|EDGAR S. MARQUEZ|LAGO III
A40: R4 | B40: EDGAR S. MARQUEZ | C40: FUNO CENTER | L40: 0.35555556 | M40: 0.65 | N40: 0.35347222 | O40: 0.65486111 | P40: 0.35138889 | Q40: 0.65277778 | R40: 0.35069444 | S40: 0.65625 | T40: 0.35833333 | U40: 0.65208333 | V40: 0.36666667 | Z40: 0.37638889 | AA40: 0.13611111 | AE40: 0.15694444 | AH40: 0.35347222 | AI40: 0.19166667 | AP40: 0.34861111 | AQ40: 0.15694444 | AT40: 0.36180556 | AU40: 0.16388889 | AX40: 0.35625 | BN40: =A40&"|"&B40&"|"&C40 -> R4|EDGAR S. MARQUEZ|FUNO CENTER
A41: R4 | B41: ANTONIO MARTINEZ | C41: SMO I | F41: 0.39166667 | L41: 0.39583333 | M41: 0.74652778 | N41: 0.40138889 | P41: 0.40763889 | Q41: 0.68402778 | T41: 0.4 | U41: 0.70763889 | Z41: 0.40277778 | AA41: 0.19861111 | AC41: 0.125 | AD41: 0.41597222 | AF41: 0.40833333 | AG41: 0.19166667 | AI41: 0.21736111 | AN41: 0.38611111 | AP41: 0.39444444 | AT41: 0.4 | AU41: 0.18472222 | AV41: 0.49722222 | AW41: 0.20416667 | BB41: 0.40763889 | BN41: =A41&"|"&B41&"|"&C41 -> R4|ANTONIO MARTINEZ|SMO I
A42: R4 | B42: ANTONIO MARTINEZ | C42: SMO II | Z42: 0.40277778 | AC42: 0.15902778 | AE42: 0.20416667 | AH42: 0.38680556 | AO42: 0.2 | AP42: 0.40763889 | AQ42: 0.23194444 | BN42: =A42&"|"&B42&"|"&C42 -> R4|ANTONIO MARTINEZ|SMO II
A43: R4 | B43: GERARDO ALONSO | C43: SMO III | Z43: 0.35694444 | AA43: 0.13958333 | AB43: 0.35486111 | AC43: 0.13194444 | AD43: 0.36805556 | AE43: 0.12569444 | AF43: 0.39097222 | AG43: 0.16875 | AJ43: 0.35902778 | AK43: 0.045138889 | AP43: 0.36666667 | AQ43: 0.14236111 | AR43: 0.35902778 | AS43: 0.15625 | AT43: 0.35486111 | AU43: 0.13402778 | AV43: 0.35416667 | AW43: 0.14583333 | BB43: 0.3625 | BN43: =A43&"|"&B43&"|"&C43 -> R4|GERARDO ALONSO|SMO III
A44: R4 | B44: JULIO CESAR NERI | C44: TLANE PARK IV/ BARRIENTOS II | Z44: 0.36875 | AA44: 0.12777778 | AB44: 0.34583333 | AD44: 0.36736111 | AE44: 0.12569444 | AF44: 0.35555556 | AN44: 0.35625 | AP44: 0.34305556 | AR44: 0.35069444 | AT44: 0.35 | AV44: 0.34722222 | AX44: 0.35763889 | BB44: 0.35555556 | BN44: =A44&"|"&B44&"|"&C44 -> R4|JULIO CESAR NERI|TLANE PARK IV/ BARRIENTOS II
A45: R4 | B45: JOSUE GUADARRAMA | C45: ATIZAPAN PARK | L45: 0.34166667 | M45: 0.63055556 | N45: 0.34444444 | O45: 0.66388889 | P45: 0.34097222 | Q45: 0.62986111 | R45: 0.34722222 | T45: 0.34236111 | U45: 0.68611111 | V45: 0.35625 | Z45: 0.35277778 | AA45: 0.13263889 | AB45: 0.35208333 | AC45: 0.13194444 | AD45: 0.3625 | AE45: 0.14652778 | AF45: 0.35694444 | AG45: 0.14097222 | AH45: 0.35972222 | AI45: 0.14097222 | AN45: 0.36041667 | AO45: 0.15625 | AP45: 0.35625 | AQ45: 0.12638889 | AR45: 0.36527778 | AS45: 0.13194444 | AT45: 0.37083333 | AU45: 0.13333333 | AV45: 0.35208333 | AW45: 0.13819444 | AX45: 0.36111111 | BB45: 0.35694444 | BN45: =A45&"|"&B45&"|"&C45 -> R4|JOSUE GUADARRAMA|ATIZAPAN PARK
A46: R5 | B46: JUAN C. HERNANDEZ | C46: TEPOZOTLAN PARK | Z46: 0.42430556 | AA46: 0.15277778 | AB46: 0.41666667 | AC46: 0.11875 | AD46: 0.43680556 | AE46: 0.20208333 | AF46: 0.37638889 | AG46: 0.10625 | AI46: 0.13958333 | AN46: 0.43819444 | AO46: 0.14930556 | AP46: 0.45138889 | AQ46: 0.11180556 | AS46: 0.20486111 | AT46: 0.40138889 | AU46: 0.13888889 | AV46: 0.47152778 | AW46: 0.16041667 | AX46: 0.41041667 | BB46: 0.41458333 | BN46: =A46&"|"&B46&"|"&C46 -> R5|JUAN C. HERNANDEZ|TEPOZOTLAN PARK
A47: R5 | B47: JUAN C. HERNANDEZ | C47: TEPOZOTLAN (CONVENTO). | BN47: =A47&"|"&B47&"|"&C47 -> R5|JUAN C. HERNANDEZ|TEPOZOTLAN (CONVENTO).
A48: R5 | B48: DIEGO GARCIA | C48: CUAUTI PARK II | F48: 0.35625 | G48: 0.67569444 | H48: 0.35555556 | I48: 0.54444444 | L48: 0.35277778 | M48: 0.66875 | N48: 0.35277778 | O48: 0.67222222 | P48: 0.36736111 | Q48: 0.66805556 | R48: 0.33958333 | S48: 0.66527778 | T48: 0.36041667 | U48: 0.66944444 | Z48: 0.35416667 | AA48: 0.21388889 | AB48: 0.35625 | AC48: 0.20486111 | AD48: 0.35972222 | AE48: 0.17013889 | AF48: 0.3625 | AG48: 0.17777778 | AH48: 0.34513889 | AI48: 0.15 | AJ48: 0.35486111 | AN48: 0.35138889 | AO48: 0.17291667 | AP48: 0.37083333 | AQ48: 0.069444444 | AR48: 0.40416667 | AS48: 0.21041667 | AT48: 0.35625 | AU48: 0.17013889 | AV48: 0.3875 | AW48: 0.17638889 | BB48: 0.35208333 | BN48: =A48&"|"&B48&"|"&C48 -> R5|DIEGO GARCIA|CUAUTI PARK II
A49: R5 | B49: DIEGO GARCIA | C49: CUAUTI PARK III | BN49: =A49&"|"&B49&"|"&C49 -> R5|DIEGO GARCIA|CUAUTI PARK III
A50: R5 | B50: DIEGO GARCIA | C50: PUENTE GRANDE I | BN50: =A50&"|"&B50&"|"&C50 -> R5|DIEGO GARCIA|PUENTE GRANDE I
A51: R5 | B51: DIEGO GARCIA | C51: PUENTE GRANDE II | BN51: =A51&"|"&B51&"|"&C51 -> R5|DIEGO GARCIA|PUENTE GRANDE II
A52: R5 | B52: DIEGO GARCIA | C52: TAJUELOS II | BN52: =A52&"|"&B52&"|"&C52 -> R5|DIEGO GARCIA|TAJUELOS II
A53: R5 | B53: GUSTAVO R. VARGAS | C53: SAN JOSE | Z53: 0.39583333 | AA53: 0.14722222 | AG53: 0.24930556 | AH53: 0.39930556 | BN53: =A53&"|"&B53&"|"&C53 -> R5|GUSTAVO R. VARGAS|SAN JOSE
A54: R5 | B54: GUSTAVO R. VARGAS | C54: TEPOZ PARK II | L54: 0.37013889 | M54: 0.72152778 | N54: 0.40694444 | O54: 0.70208333 | P54: 0.39791667 | Q54: 0.65416667 | R54: 0.39791667 | S54: 0.65625 | T54: 0.39791667 | U54: 0.65069444 | V54: 0.39305556 | AB54: 0.39444444 | AD54: 0.41597222 | AE54: 0.22708333 | AJ54: 0.39375 | AN54: 0.3875 | AP54: 0.39027778 | AQ54: 0.24097222 | AT54: 0.4125 | AW54: 0.16111111 | AX54: 0.39027778 | BB54: 0.37916667 | BN54: =A54&"|"&B54&"|"&C54 -> R5|GUSTAVO R. VARGAS|TEPOZ PARK II
A55: R5 | B55: ALLAN A. GONZALEZ | C55: TEPOZ PARK III | F55: 0.40625 | G55: 0.65138889 | H55: 0.40694444 | L55: 0.41111111 | M55: 0.66041667 | N55: 0.41666667 | O55: 0.70833333 | P55: 0.39513889 | Q55: 0.69166667 | R55: 0.40625 | S55: 0.70347222 | T55: 0.425 | U55: 0.64930556 | AD55: 0.38611111 | AG55: 0.17847222 | AJ55: 0.38194444 | AN55: 0.38333333 | AQ55: 0.14027778 | AU55: 0.17083333 | AV55: 0.39027778 | BN55: =A55&"|"&B55&"|"&C55 -> R5|ALLAN A. GONZALEZ|TEPOZ PARK III
A56: R5 | B56: ALLAN A. GONZALEZ | C56: TEPOZ PARK IV | Z56: 0.43819444 | AE56: 0.16805556 | AF56: 0.39652778 | AJ56: 0.50416667 | AP56: 0.40277778 | AT56: 0.39513889 | BB56: 0.41319444 | BN56: =A56&"|"&B56&"|"&C56 -> R5|ALLAN A. GONZALEZ|TEPOZ PARK IV
A57: R5 | B57: ALLAN A. GONZALEZ | C57: TEPOZ PARK V | AB57: 0.38402778 | AO57: 0.14652778 | BN57: =A57&"|"&B57&"|"&C57 -> R5|ALLAN A. GONZALEZ|TEPOZ PARK V
A58: R5 | B58: PABLO REYES | C58: TEOLO PARK | F58: 0.35763889 | G58: 0.65625 | H58: 0.40208333 | L58: 0.38472222 | M58: 0.66458333 | N58: 0.3875 | O58: 0.66319444 | AA58: 0.20625 | AB58: 0.40069444 | AC58: 0.23888889 | AD58: 0.39583333 | AF58: 0.44652778 | AG58: 0.19583333 | AN58: 0.40347222 | AO58: 0.18333333 | AP58: 0.38888889 | AQ58: 0.16666667 | AR58: 0.39513889 | AS58: 0.17638889 | AT58: 0.3875 | AU58: 0.19027778 | AV58: 0.39236111 | AW58: 0.15763889 | AX58: 0.38958333 | AY58: 0.52291667 | BB58: 0.38611111 | BN58: =A58&"|"&B58&"|"&C58 -> R5|PABLO REYES|TEOLO PARK
A59: R5 | B59: ANAHI CALLEJAS | C59: TEPEJI PARK | AA59: 0.1875 | AB59: 0.44236111 | AC59: 0.17708333 | AD59: 0.36319444 | AE59: 0.23125 | AF59: 0.39930556 | AG59: 0.16041667 | AH59: 0.36388889 | AI59: 0.17986111 | AN59: 0.40347222 | AQ59: 0.2125 | AR59: 0.42291667 | AS59: 0.22986111 | AT59: 0.37083333 | AU59: 0.27708333 | AV59: 0.37222222 | AW59: 0.22222222 | AX59: 0.44027778 | AY59: 0.05 | BB59: 0.39444444 | BN59: =A59&"|"&B59&"|"&C59 -> R5|ANAHI CALLEJAS|TEPEJI PARK
A60: R5 | B60: ANAHI CALLEJAS | C60: PARQUE INDUSTRIAL TEPEJI. | BN60: =A60&"|"&B60&"|"&C60 -> R5|ANAHI CALLEJAS|PARQUE INDUSTRIAL TEPEJI.
A61: T-EMEX | B61: JOSE LUIS GARCIA | C61: T-MEX PARK | F61: 0.38333333 | G61: 0.64930556 | L61: 0.36180556 | M61: 0.65694444 | N61: 0.39166667 | O61: 0.64583333 | P61: 0.37847222 | Q61: 0.65694444 | R61: 0.39583333 | S61: 0.68680556 | T61: 0.3875 | U61: 0.63888889 | Z61: 0.35694444 | AA61: 0.15277778 | AB61: 0.36319444 | AD61: 0.35972222 | AE61: 0.14097222 | AF61: 0.35694444 | AG61: 0.15277778 | AH61: 0.36666667 | AI61: 0.13958333 | AN61: 0.36319444 | AO61: 0.13680556 | AP61: 0.36527778 | AQ61: 0.14375 | AR61: 0.36805556 | AS61: 0.14236111 | AT61: 0.38472222 | AU61: 0.23472222 | AV61: 0.36458333 | AW61: 0.13958333 | BB61: 0.35902778 | BN61: =A61&"|"&B61&"|"&C61 -> T-EMEX|JOSE LUIS GARCIA|T-MEX PARK
A62: R6 | B62: ANA BRITO | C62: QUERETARO PARK III | L62: 0.38472222 | M62: 0.65138889 | N62: 0.46666667 | P62: 0.46666667 | Q62: 0.79166667 | R62: 0.43333333 | T62: 0.40555556 | U62: 0.76944444 | V62: 0.40486111 | Z62: 0.41111111 | AA62: 0.16041667 | AB62: 0.40833333 | AD62: 0.38402778 | AE62: 0.12847222 | AF62: 0.42222222 | AG62: 0.16666667 | AH62: 0.48819444 | AI62: 0.18680556 | AJ62: 0.41111111 | AO62: 0.20138889 | AP62: 0.36458333 | AS62: 0.20347222 | AV62: 0.37986111 | BN62: =A62&"|"&B62&"|"&C62 -> R6|ANA BRITO|QUERETARO PARK III
A63: R6 | B63: ERIKA TREJO | C63: QUERETARO PARK IV | Z63: 0.46527778 | AC63: 0.14652778 | AD63: 0.45416667 | AF63: 0.40833333 | AH63: 0.44305556 | AI63: 0.26388889 | AO63: 0.29583333 | AP63: 0.37986111 | AQ63: 0.31041667 | AR63: 0.39097222 | AU63: 0.20763889 | AV63: 0.44027778 | AW63: 0.24027778 | BB63: 0.44375 | BN63: =A63&"|"&B63&"|"&C63 -> R6|ERIKA TREJO|QUERETARO PARK IV
A64: R6 | B64: MARIANO D. LORENZO | C64: QUERETARO PARK V | L64: 0.39166667 | M64: 0.68194444 | N64: 0.3875 | P64: 0.38472222 | Q64: 0.68472222 | R64: 0.40416667 | T64: 0.36666667 | AB64: 0.39583333 | AG64: 0.17638889 | AH64: 0.41527778 | AI64: 0.16319444 | AN64: 0.39166667 | AP64: 0.40208333 | AS64: 0.23333333 | BB64: 0.41111111 | BN64: =A64&"|"&B64&"|"&C64 -> R6|MARIANO D. LORENZO|QUERETARO PARK V
A65: R6 | B65: MARIANO D. LORENZO | C65: QUERETARO PARK VI | Z65: 0.38194444 | AA65: 0.18402778 | AB65: 0.38611111 | AE65: 0.22430556 | AF65: 0.37916667 | AO65: 0.22847222 | AR65: 0.40694444 | AT65: 0.39444444 | AV65: 0.42638889 | BN65: =A65&"|"&B65&"|"&C65 -> R6|MARIANO D. LORENZO|QUERETARO PARK VI
A66: R6 | B66: RODRIGO CERVANTES LUGO | C66: QUERETARO PARK VII | Z66: 0.38680556 | AB66: 0.40208333 | AC66: 0.20069444 | AD66: 0.39513889 | AE66: 0.22430556 | AF66: 0.40694444 | AH66: 0.44722222 | AK66: 0.051388889 | AN66: 0.41805556 | AP66: 0.43333333 | AQ66: 0.23402778 | AT66: 0.36875 | AU66: 0.086111111 | AV66: 0.40763889 | AW66: 0.27569444 | BB66: 0.36458333 | BN66: =A66&"|"&B66&"|"&C66 -> R6|RODRIGO CERVANTES LUGO|QUERETARO PARK VII
A67: R6 | B67: RODRIGO CERVANTES LUGO | C67: EL MARQUÉS | BN67: =A67&"|"&B67&"|"&C67 -> R6|RODRIGO CERVANTES LUGO|EL MARQUÉS
A68: R7 | B68: EMANUEL MARISCAL | C68: LERMA PARK | L68: 0.39097222 | M68: 0.65069444 | N68: 0.41944444 | P68: 0.37916667 | Q68: 0.63541667 | R68: 0.39444444 | T68: 0.37777778 | U68: 0.66458333 | Z68: 0.42638889 | AA68: 0.23055556 | AB68: 0.41319444 | AC68: 0.19444444 | AD68: 0.39583333 | AE68: 0.13888889 | AF68: 0.42916667 | AO68: 0.20208333 | AP68: 0.38888889 | AQ68: 0.13402778 | AR68: 0.36041667 | AT68: 0.36041667 | AV68: 0.39791667 | AW68: 0.15902778 | BN68: =A68&"|"&B68&"|"&C68 -> R7|EMANUEL MARISCAL|LERMA PARK
A69: R7 | B69: EMANUEL MARISCAL | C69: ESCATO | BN69: =A69&"|"&B69&"|"&C69 -> R7|EMANUEL MARISCAL|ESCATO
A70: R7 | B70: CHRISTAN E. MARQUEZ | C70: DOÑA ROSA | AB70: 0.5 | AE70: 0.19027778 | AF70: 0.44166667 | AG70: 0.15694444 | AH70: 0.37430556 | AI70: 0.12361111 | AO70: 0.13125 | AP70: 0.35694444 | AQ70: 0.12777778 | AR70: 0.36319444 | AS70: 0.14305556 | AT70: 0.36041667 | AU70: 0.14027778 | AV70: 0.35625 | AW70: 0.15486111 | BB70: 0.37083333 | BN70: =A70&"|"&B70&"|"&C70 -> R7|CHRISTAN E. MARQUEZ|DOÑA ROSA
A71: R7 | B71: CHRISTAN E. MARQUEZ | C71: LERMA PARK II | L71: 0.35833333 | M71: 0.73680556 | N71: 0.38263889 | P71: 0.38819444 | Q71: 0.63125 | R71: 0.35347222 | S71: 0.6875 | T71: 0.40347222 | U71: 0.66180556 | Z71: 0.39236111 | AA71: 0.28125 | AC71: 0.3 | AD71: 0.36458333 | AJ71: 0.36111111 | AN71: 0.425 | BN71: =A71&"|"&B71&"|"&C71 -> R7|CHRISTAN E. MARQUEZ|LERMA PARK II
A72: R7 | B72: OMAR HIDALGO | C72: POLARIS | Z72: 0.3625 | AB72: 0.38125 | AC72: 0.15833333 | AD72: 0.36666667 | AE72: 0.17569444 | AF72: 0.3625 | AG72: 0.13888889 | AH72: 0.37847222 | AI72: 0.15833333 | AN72: 0.37152778 | AO72: 0.13055556 | AP72: 0.36041667 | AQ72: 0.13194444 | AR72: 0.35972222 | AS72: 0.14444444 | AT72: 0.36319444 | AU72: 0.13888889 | AV72: 0.35902778 | AW72: 0.18055556 | BB72: 0.38680556 | BN72: =A72&"|"&B72&"|"&C72 -> R7|OMAR HIDALGO|POLARIS
A73: R7 | B73: NOE E. MARTINEZ | C73: MARAVILLAS | F73: 0.38472222 | G73: 0.69930556 | L73: 0.37847222 | M73: 0.67013889 | N73: 0.41180556 | O73: 0.66875 | P73: 0.39166667 | T73: 0.4 | Z73: 0.40833333 | AA73: 0.19791667 | AB73: 0.37916667 | AC73: 0.22291667 | AD73: 0.38333333 | AE73: 0.17708333 | AF73: 0.37430556 | AG73: 0.18402778 | AH73: 0.38055556 | AI73: 0.18819444 | AN73: 0.37638889 | AO73: 0.17013889 | AP73: 0.40277778 | AQ73: 0.16875 | AR73: 0.39166667 | AS73: 0.19722222 | AT73: 0.37916667 | AU73: 0.19305556 | AV73: 0.35833333 | AW73: 0.15694444 | BB73: 0.38125 | BN73: =A73&"|"&B73&"|"&C73 -> R7|NOE E. MARTINEZ|MARAVILLAS
A74: R7 | B74: FERNANDO ROBLES | C74: TOLUCA PARK II (SANTIN) | F74: 0.36180556 | G74: 0.65208333 | H74: 0.38472222 | L74: 0.3875 | M74: 0.63888889 | N74: 0.375 | O74: 0.65138889 | P74: 0.39027778 | Q74: 0.62361111 | R74: 0.38958333 | S74: 0.70208333 | T74: 0.39166667 | U74: 0.62569444 | Z74: 0.37430556 | AA74: 0.13402778 | AB74: 0.38333333 | AC74: 0.14097222 | AF74: 0.39166667 | AG74: 0.14236111 | AH74: 0.4375 | AI74: 0.17291667 | AJ74: 0.39583333 | AP74: 0.36458333 | AQ74: 0.12569444 | AR74: 0.37152778 | AS74: 0.16527778 | AT74: 0.37152778 | AU74: 0.13402778 | AV74: 0.36597222 | AW74: 0.15069444 | BB74: 0.38541667 | BN74: =A74&"|"&B74&"|"&C74 -> R7|FERNANDO ROBLES|TOLUCA PARK II (SANTIN)
A75: R7 | B75: RAUL MARISCAL | C75: TOLUCA PARK III (LA Y) | F75: 0.4875 | G75: 0.63888889 | M75: 0.63472222 | O75: 0.66319444 | S75: 0.66666667 | Z75: 0.44027778 | AA75: 0.12291667 | AC75: 0.19861111 | AE75: 0.16875 | AG75: 0.13611111 | AI75: 0.22569444 | AO75: 0.16388889 | AQ75: 0.19791667 | AS75: 0.15347222 | AU75: 0.18680556 | AW75: 0.19652778 | BN75: =A75&"|"&B75&"|"&C75 -> R7|RAUL MARISCAL|TOLUCA PARK III (LA Y)
A76: R8 | B76: J. MARTIN SALAZAR | C76: TLAQUE PARK | F76: 0.39027778 | G76: 0.65208333 | H76: 0.45763889 | L76: 0.37291667 | M76: 0.62916667 | N76: 0.37777778 | O76: 0.63958333 | P76: 0.37708333 | Q76: 0.62291667 | R76: 0.36527778 | S76: 0.62847222 | T76: 0.37430556 | U76: 0.6875 | V76: 0.41597222 | Z76: 0.36319444 | AA76: 0.13263889 | AB76: 0.36458333 | AC76: 0.15972222 | AD76: 0.36180556 | AE76: 0.14166667 | AF76: 0.35763889 | AG76: 0.18263889 | AH76: 0.35486111 | AI76: 0.16319444 | AJ76: 0.53263889 | AN76: 0.35902778 | AO76: 0.14097222 | AP76: 0.37916667 | AQ76: 0.14722222 | AR76: 0.35972222 | AS76: 0.13402778 | AT76: 0.36319444 | AU76: 0.16805556 | AV76: 0.35416667 | AW76: 0.14236111 | AX76: 0.36875 | BB76: 0.37916667 | BN76: =A76&"|"&B76&"|"&C76 -> R8|J. MARTIN SALAZAR|TLAQUE PARK
A77: R8 | B77: FRANCISCO O. ROSAS | C77: GUADALAJARA PARK | F77: 0.37569444 | G77: 0.70277778 | H77: 0.37847222 | I77: 0.61041667 | M77: 0.69513889 | N77: 0.36875 | O77: 0.54652778 | P77: 0.37986111 | Q77: 0.68541667 | R77: 0.40694444 | S77: 0.66180556 | T77: 0.37152778 | U77: 0.66875 | V77: 0.44375 | Z77: 0.35763889 | AA77: 0.15 | AB77: 0.36805556 | AC77: 0.16041667 | AD77: 0.35694444 | AE77: 0.15555556 | AF77: 0.37430556 | AG77: 0.19722222 | AH77: 0.38680556 | AI77: 0.18819444 | AJ77: 0.48958333 | AN77: 0.36597222 | AO77: 0.18402778 | AP77: 0.36319444 | AQ77: 0.16944444 | AR77: 0.35972222 | AS77: 0.17708333 | AT77: 0.35069444 | AU77: 0.19305556 | AV77: 0.37013889 | AW77: 0.28055556 | AX77: 0.45208333 | AY77: 0.064583333 | BB77: 0.35208333 | BN77: =A77&"|"&B77&"|"&C77 -> R8|FRANCISCO O. ROSAS|GUADALAJARA PARK
A78: R8 | B78: GUILLERMO ROCHA | C78: EL SALTO PARK | Z78: 0.35902778 | AA78: 0.15902778 | AB78: 0.39236111 | AC78: 0.17083333 | AD78: 0.38333333 | AE78: 0.15555556 | AF78: 0.42083333 | AH78: 0.38888889 | AI78: 0.19166667 | AJ78: 0.42361111 | AN78: 0.38194444 | AO78: 0.17013889 | AP78: 0.39236111 | AQ78: 0.17222222 | AR78: 0.38541667 | AT78: 0.38958333 | BB78: 0.36388889 | BN78: =A78&"|"&B78&"|"&C78 -> R8|GUILLERMO ROCHA|EL SALTO PARK
A79: R8 | B79: F. TONATIUH CARDENAS | C79: EL SALTO PARK III | L79: 0.39791667 | R79: 0.36527778 | S79: 0.69583333 | T79: 0.37777778 | U79: 0.69791667 | Z79: 0.36736111 | AB79: 0.36944444 | AC79: 0.17847222 | AD79: 0.36319444 | AE79: 0.22777778 | AH79: 0.36458333 | AI79: 0.13125 | AN79: 0.36875 | AP79: 0.37777778 | AR79: 0.38194444 | AT79: 0.38402778 | AV79: 0.36736111 | BB79: 0.36111111 | BN79: =A79&"|"&B79&"|"&C79 -> R8|F. TONATIUH CARDENAS|EL SALTO PARK III
A80: R8 | B80: BRENDA F. MENDOZA | C80: PARQUE INDUSTRIAL TECNOLÓGICO III (PIT III) | Z80: 0.36666667 | AA80: 0.13819444 | AB80: 0.35486111 | AC80: 0.14027778 | AD80: 0.38125 | AE80: 0.14027778 | AF80: 0.38402778 | AG80: 0.15694444 | AH80: 0.36805556 | AI80: 0.15277778 | AN80: 0.38402778 | AO80: 0.14305556 | AP80: 0.38819444 | AQ80: 0.14166667 | AR80: 0.36180556 | AS80: 0.15 | AT80: 0.40347222 | AU80: 0.14027778 | AV80: 0.39375 | AW80: 0.15486111 | AX80: 0.37986111 | AY80: 0.1 | BB80: 0.40208333 | BN80: =A80&"|"&B80&"|"&C80 -> R8|BRENDA F. MENDOZA|PARQUE INDUSTRIAL TECNOLÓGICO III (PIT III)
A81: R9 | B81: RUBEN FLORES | C81: MONTERREY PARK I | F81: 0.36041667 | G81: 0.64097222 | L81: 0.34444444 | M81: 0.63541667 | N81: 0.34861111 | P81: 0.34513889 | Q81: 0.65972222 | R81: 0.33263889 | S81: 0.61805556 | T81: 0.33611111 | U81: 0.72777778 | Z81: 0.3375 | AB81: 0.35972222 | AD81: 0.34652778 | AF81: 0.34583333 | AH81: 0.34166667 | AN81: 0.36458333 | AP81: 0.35347222 | AR81: 0.36944444 | AT81: 0.34583333 | AV81: 0.34722222 | BB81: 0.38680556 | BN81: =A81&"|"&B81&"|"&C81 -> R9|RUBEN FLORES|MONTERREY PARK I
A82: R9 | B82: RUBEN FLORES | C82: TECNOCENTRO I | AA82: 0.14652778 | AC82: 0.13125 | AE82: 0.11527778 | AG82: 0.11180556 | AI82: 0.21875 | AO82: 0.13194444 | AS82: 0.14930556 | AU82: 0.15694444 | BN82: =A82&"|"&B82&"|"&C82 -> R9|RUBEN FLORES|TECNOCENTRO I
A83: R9 | B83: RUBEN FLORES | C83: TECNOCENTRO II | BN83: =A83&"|"&B83&"|"&C83 -> R9|RUBEN FLORES|TECNOCENTRO II
A84: R9 | B84: RUBEN FLORES | C84: TECNOCENTRO III | BN84: =A84&"|"&B84&"|"&C84 -> R9|RUBEN FLORES|TECNOCENTRO III
A85: R9 | B85: RUBEN FLORES | C85: TECNOCENTRO IV | BN85: =A85&"|"&B85&"|"&C85 -> R9|RUBEN FLORES|TECNOCENTRO IV
A86: R9 | B86: GUILLERMO ROMO CASTILLO | C86: MBP | Z86: 0.41111111 | AB86: 0.3875 | AD86: 0.37361111 | AF86: 0.42291667 | AN86: 0.39444444 | AR86: 0.42152778 | AS86: 0.14513889 | AT86: 0.39791667 | AU86: 0.18194444 | BB86: 0.39027778 | BN86: =A86&"|"&B86&"|"&C86 -> R9|GUILLERMO ROMO CASTILLO|MBP
A87: R9 | B87: GUILLERMO ROMO CASTILLO | C87: GUADALAPE | BN87: =A87&"|"&B87&"|"&C87 -> R9|GUILLERMO ROMO CASTILLO|GUADALAPE
A88: R9 | B88: GUILLERMO ROMO CASTILLO | C88: KRONOS | BN88: =A88&"|"&B88&"|"&C88 -> R9|GUILLERMO ROMO CASTILLO|KRONOS
A89: R9 | B89: ANDREA VERGARA | C89: MAQUIL PARK | P89: 0.38263889 | Q89: 0.63819444 | R89: 0.42013889 | S89: 0.63263889 | T89: 0.40138889 | Z89: 0.39375 | AA89: 0.14166667 | AB89: 0.41736111 | AC89: 0.15902778 | AD89: 0.42013889 | AE89: 0.14722222 | AF89: 0.45833333 | AG89: 0.14513889 | AI89: 0.16805556 | AR89: 0.41458333 | AS89: 0.19861111 | AT89: 0.39791667 | BN89: =A89&"|"&B89&"|"&C89 -> R9|ANDREA VERGARA|MAQUIL PARK
A90: R10 | B90: PAOLA N. PERALTA | C90: CANCÚN PARK | F90: 0.35277778 | G90: 0.60347222 | L90: 0.34652778 | M90: 0.63402778 | N90: 0.34097222 | O90: 0.65625 | P90: 0.34375 | Q90: 0.66180556 | R90: 0.35138889 | S90: 0.62708333 | V90: 0.36736111 | Z90: 0.35347222 | AA90: 0.15902778 | AB90: 0.37083333 | AC90: 0.14305556 | AD90: 0.35555556 | AE90: 0.14583333 | AF90: 0.33680556 | AG90: 0.15555556 | AH90: 0.3375 | AI90: 0.14861111 | AJ90: 0.39375 | AN90: 0.33055556 | AO90: 0.16736111 | AP90: 0.37083333 | AQ90: 0.15555556 | AR90: 0.35138889 | AS90: 0.15 | AT90: 0.35902778 | AU90: 0.15555556 | AV90: 0.34930556 | AW90: 0.16180556 | BB90: 0.38263889 | BN90: =A90&"|"&B90&"|"&C90 -> R10|PAOLA N. PERALTA|CANCÚN PARK
A91: GRUPO BALBROS | B91: ADRIANA GARZÓN | C91: MICROPARKS CARTAGENA | P91: 0.34722222 | BB91: 0.42847222 | BN91: =A91&"|"&B91&"|"&C91 -> GRUPO BALBROS|ADRIANA GARZÓN|MICROPARKS CARTAGENA
A92: GRUPO BALBROS | B92: ADRIANA GARZÓN | C92: MICROPARKS TULTE I | L92: 0.37986111 | T92: 0.37361111 | AD92: 0.39027778 | BB92: 0.37986111
A93: GRUPO BALBROS | B93: ADRIANA GARZÓN | C93: MICROPARKS TULTE II | N93: 0.42916667 | R93: 0.37291667 | S93: 0.18819444 | U93: 0.15902778 | Z93: 0.42152778 | AA93: 0.2 | AB93: 0.38402778 | AC93: 0.18611111 | AE93: 0.18958333 | AF93: 0.38611111 | AH93: 0.39236111 | AI93: 0.15902778 | AO93: 0.19097222 | AR93: 0.3 | BB93: 0.37986111
A94: GRUPO BALBROS | B94: SEBASTIÁN ROMERO | C94: MICROPARK TULTE III | F94: 0.40486111 | G94: 0.15486111 | H94: 0.40902778 | L94: 0.39861111 | M94: 0.16527778 | N94: 0.39027778 | Q94: 0.175 | R94: 0.39722222 | S94: 0.13402778 | T94: 0.41041667 | U94: 0.15763889 | Z94: 0.39097222 | AA94: 0.14305556 | AB94: 0.38680556 | AC94: 0.14305556 | AD94: 0.39236111 | AE94: 0.14583333 | AF94: 0.39444444 | AH94: 0.41111111 | AI94: 0.14930556 | AN94: 0.39652778 | AO94: 0.15416667 | AP94: 0.40833333 | AQ94: 0.16527778 | AS94: 0.14166667 | AW94: 0.14305556 | BB94: 0.39097222
A95: GRUPO BALBROS | B95: ABIGAIL HERNANDEZ | C95: EVOLUTION | L95: 0.43333333 | M95: 0.15486111 | R95: 0.40277778 | S95: 0.13333333 | T95: 0.43680556 | U95: 0.15208333 | Z95: 0.53055556 | AB95: 0.44097222 | AC95: 0.16458333 | AD95: 0.43611111 | AE95: 0.1625 | AH95: 0.4125 | AN95: 0.42916667 | AO95: 0.24027778 | AQ95: 0.19861111 | AU95: 0.15069444 | AV95: 0.49930556 | AW95: 0.19444444 | BB95: 0.43402778
A96: GRUPO BALBROS | B96: ABIGAIL HERNANDEZ | C96: LA TEJA | N96: 0.43680556 | Z96: 0.53055556
A97: GRUPO BALBROS | B97: CLAUDIA RUIZ | C97: QUERETARO PARK I | L97: 0.41805556 | M97: 0.23263889 | N97: 0.39236111 | O97: 0.22777778 | P97: 0.39861111 | Q97: 0.21597222 | R97: 0.44027778 | S97: 0.22291667 | T97: 0.39375 | U97: 0.28888889 | Z97: 0.41736111 | AA97: 0.2875 | AB97: 0.46597222 | AC97: 0.24583333 | AD97: 0.39444444 | AF97: 0.41111111 | AG97: 0.25 | AI97: 0.26319444 | AT97: 0.44236111 | AW97: 0.21527778
A98: GRUPO BALBROS | B98: LUIS ALVAREZ | C98: QUERETARO PARK II | F98: 0.11388889 | G98: 0.22013889 | L98: 0.45694444 | M98: 0.23680556 | O98: 0.18263889 | P98: 0.45277778 | Q98: 0.225 | R98: 0.44444444 | T98: 0.42222222 | Z98: 0.43958333 | AB98: 0.43263889 | AC98: 0.25069444 | AE98: 0.25416667 | AF98: 0.44583333 | AH98: 0.43055556 | AN98: 0.44027778 | AO98: 0.27361111 | AP98: 0.42222222 | AR98: 0.44027778 | AS98: 0.25069444 | BB98: 0.42708333

Sheet ESTADISTICAS
C1: CUMPLIMIENTO TOP 5 MARZO 2026
B3: 20 DÍAS | D3: ABRIL | E3: WHATSAPP – IMAGEN | Q3: CUMPLIMIENTO TOP 5
B4: REGIÓN | C4: ADMINISTRADOR | D4: UNIDAD DE NEGOCIO | E4: Matutino | F4: % | G4: Vespertino | H4: % | I4: TOTAL | J4: CUMPLIMINETO | R4: REGIÓN | S4: FEBRERO | T4: MARZO | U4: ABRIL | V4: MAYO
B5: R1 | C5: ALFREDO OLVERA | D5: AZCAPOPARK | E5: =' TOP ABRIL 2026'!BL3+' TOP ABRIL 2026'!BL4 -> 20 | F5: =E5/20 -> 1 | G5: =' TOP ABRIL 2026'!BM3+' TOP ABRIL 2026'!BM4 -> 20 | H5: =G5/20 -> 1 | I5: =E5+G5 -> 40 | J5: =I5/40 -> 1 | Q5: AZCAPO | R5: 1 | S5: ='FEBRERO 2026'!S4 -> 0.99305556 | T5: 0.92857143 | U5: =AVERAGE(J5:J20) -> 0.96875 | V5: 0.99305556
B6: R1 | C6: ALFREDO OLVERA | D6: VALLEJO PARK | Q6: TULTITLÁN | R6: 2 | S6: ='FEBRERO 2026'!S5 -> 0.79444444 | T6: 0.89047619 | U6: =AVERAGE(J21:J31) -> 0.95 | V6: 0.94444444
B7: R1 | C7: MARTIN BAUME | D7: GB | E7: =' TOP ABRIL 2026'!BL5+' TOP ABRIL 2026'!BL6 -> 20 | F7: =E7/20 -> 1 | G7: =' TOP ABRIL 2026'!BM5 -> 20 | H7: =G7/20 -> 1 | I7: =E7+G7 -> 40 | J7: =I7/40 -> 1 | Q7: TULTIPARK | R7: 3 | S7: ='FEBRERO 2026'!S6 -> 0.95555556 | T7: 0.92380952 | U7: =AVERAGE(J32:J38) -> 0.915 | V7: 0.95555556
B8: R1 | C8: MARTIN BAUME | D8: CEYLAN | Q8: SMO | R8: 4 | S8: ='FEBRERO 2026'!S7 -> #REF! | T8: 0.81349206 | U8: =AVERAGE(J39:J47) -> 0.8625 | V8: 0.92833333
B9: R1 | C9: MARTIN BAUME | D9: 100 METROS | Q9: TEPOTZOTLÁN | R9: 5 | S9: ='FEBRERO 2026'!S8 -> 0.98611111 | T9: 0.92857143 | U9: =AVERAGE(J48:J62) -> 0.89166667 | V9: 0.98611111
B10: R1 | C10: MARTIN BAUME | D10: PINO | Q10: QRO | R10: 6 | S10: ='FEBRERO 2026'!S9 -> 0.75694444 | T10: 0.81547619 | U10: =AVERAGE(J64:J69) -> 0.7625 | V10: 0.91694444
B11: R1 | C11: MARTIN BAUME | D11: VALLEJO 1746 | Q11: TOLUCA | R11: 7 | S11: ='FEBRERO 2026'!S10 -> 0.84722222 | T11: 0.78174603 | U11: =AVERAGE(J70:J77) -> 0.85416667 | V11: 0.91722222
B12: R1 | C12: JAIR ABRAHAM GONZALEZ | D12: TLANE PARK III | E12: =' TOP ABRIL 2026'!BL10+' TOP ABRIL 2026'!BL11 -> 20 | F12: =E12/20 -> 1 | G12: =' TOP ABRIL 2026'!BM10+' TOP ABRIL 2026'!BM11+' TOP ABRIL 2026'!BM12+' TOP ABRIL 2026'!BM15 -> 19 | H12: =G12/20 -> 0.95 | I12: =E12+G12 -> 39 | J12: =I12/40 -> 0.975 | Q12: GUADALAJARA | R12: 8 | S12: ='FEBRERO 2026'!S11 -> 0.81111111 | T12: 0.86904762 | U12: =AVERAGE(J78:J83) -> 1 | V12: 1
B13: R1 | C13: JAIR ABRAHAM GONZALEZ | D13: VIA MORELOS | Q13: MONTERREY | R13: 9 | S13: ='FEBRERO 2026'!S12 -> 0.80555556 | T13: 0.71428571 | U13: =AVERAGE(J84) -> 0.925 | V13: 0.9933
B14: R1 | C14: JAIR ABRAHAM GONZALEZ | D14: TLANE PARK V | Q14: CANCÚN | R14: 10 | S14: ='FEBRERO 2026'!S13 -> 0.77777778 | T14: 0.80357143 | U14: =AVERAGE(J93:J95) -> 0.86666667 | V14: 0.97777778
B15: R1 | C15: JAIR ABRAHAM GONZALEZ | D15: VALLEJO 2000 | Q15: BALBROS | R15: GRUPO BALBROS | S15: ='FEBRERO 2026'!S14 -> 0.309375 | T15: 0.61428571 | U15: =AVERAGE(J96:J103) -> 0.905 | V15: 0.939375
B16: R1 | C16: JAIR ABRAHAM GONZALEZ | D16: LA PRESA | Q16: T-MEX PARK | R16: T-MEX | S16: ='FEBRERO 2026'!S15 -> 1.0555556 | T16: 1 | U16: =AVERAGE(J63) -> 1 | V16: 1
B17: R1 | C17: JAIR ABRAHAM GONZALEZ | D17: CHIQUIHUITE (WALMART) | R17: GENERAL | S17: =AVERAGE(S5:S16) -> #REF! | T17: 0.84027778 | U17: =AVERAGE(U5:U16) -> 0.9084375 | V17: 0.96675347
B18: R1 | C18: GEOVANI PEÑA | D18: LOS REYES | E18: =' TOP ABRIL 2026'!BL16 -> 20 | F18: =E18/20 -> 1 | G18: =' TOP ABRIL 2026'!BM16+' TOP ABRIL 2026'!BM17+' TOP ABRIL 2026'!BM18 -> 16 | H18: =G18/20 -> 0.8 | I18: =E18+G18 -> 36 | J18: =I18/40 -> 0.9
B19: R1 | C19: GEOVANI PEÑA | D19: IXTAPALUCA
B20: R1 | C20: GEOVANI PEÑA | D20: IZTAPALAPA
B21: R2 | C21: OMAR SANCHEZ | D21: TULTI PARK I | E21: =' TOP ABRIL 2026'!BL19 -> 20 | F21: =E21/20 -> 1 | G21: =' TOP ABRIL 2026'!BM19 -> 20 | H21: =G21/20 -> 1 | I21: =E21+G21 -> 40 | J21: =I21/40 -> 1
B22: R2 | C22: ARTURO ESPINOSA | D22: JAMES WATT | E22: =' TOP ABRIL 2026'!BL20 -> 20 | F22: =E22/20 -> 1 | G22: =' TOP ABRIL 2026'!BM20 -> 20 | H22: =G22/20 -> 1 | I22: =E22+G22 -> 40 | J22: =I22/40 -> 1
B23: R2 | C23: ARTURO VALERIO | D23: LA PALMA | E23: =' TOP ABRIL 2026'!BL21+' TOP ABRIL 2026'!BL22+' TOP ABRIL 2026'!BL23+' TOP ABRIL 2026'!BL24+' TOP ABRIL 2026'!BL25+' TOP ABRIL 2026'!BL26 -> 20 | F23: =E23/20 -> 1 | G23: =' TOP ABRIL 2026'!BM21+' TOP ABRIL 2026'!BM23+' TOP ABRIL 2026'!BM24 -> 16 | H23: =G23/20 -> 0.8 | I23: =E23+G23 -> 36 | J23: =I23/40 -> 0.9
B24: R2 | C24: ARTURO VALERIO | D24: LA JOYA I Y II
B25: R2 | C25: ARTURO VALERIO | D25: LA JOYA III
B26: R2 | C26: ARTURO VALERIO | D26: LA JOYA IV
B27: R2 | C27: ARTURO VALERIO | D27: LA JOYA V
B28: R2 | C28: ARTURO VALERIO | D28: DIAMANTE
B29: R2 | C29: ARTURO VALERIO | D29: PUMA
B30: R2 | C30: MONSERRAT ESQUIVEL | D30: TULTITLAN I | E30: =' TOP ABRIL 2026'!BL28 -> 19 | F30: =E30/20 -> 0.95 | G30: =' TOP ABRIL 2026'!BM28 -> 19 | H30: =G30/20 -> 0.95 | I30: =E30+G30 -> 38 | J30: =I30/40 -> 0.95
B31: R2 | C31: RAFAEL PONCE | D31: TULTITLAN II | E31: =' TOP ABRIL 2026'!BL29 -> 19 | F31: =E31/20 -> 0.95 | G31: =' TOP ABRIL 2026'!BM29 -> 17 | H31: =G31/20 -> 0.85 | I31: =E31+G31 -> 36 | J31: =I31/40 -> 0.9
B32: R3 | C32: CARLOS A. CARRILLO | D32: TULTI PARK II | E32: =' TOP ABRIL 2026'!BL30 -> 20 | F32: =E32/20 -> 1 | G32: =' TOP ABRIL 2026'!BM30 -> 18 | H32: =G32/20 -> 0.9 | I32: =E32+G32 -> 38 | J32: =I32/40 -> 0.95
B33: R3 | C33: IVAN GONZALEZ | D33: TULTI PARK III | E33: =' TOP ABRIL 2026'!BL31 -> 20 | F33: =E33/20 -> 1 | G33: =' TOP ABRIL 2026'!BM31 -> 18 | H33: =G33/20 -> 0.9 | I33: =E33+G33 -> 38 | J33: =I33/40 -> 0.95
B34: R3 | C34: ANDREA F. MIRANDA | D34: TULTI PARK IV | E34: =' TOP ABRIL 2026'!BL32+' TOP ABRIL 2026'!BL33 -> 20 | F34: =E34/20 -> 1 | G34: =' TOP ABRIL 2026'!BM32 -> 18 | H34: =G34/20 -> 0.9 | I34: =E34+G34 -> 38 | J34: =I34/40 -> 0.95
B35: R3 | C35: ANDREA F. MIRANDA | D35: COACALCO
B36: R3 | C36: MARCO A. CERVANTES | D36: MEXIQUENSE | E36: =' TOP ABRIL 2026'!BL34+' TOP ABRIL 2026'!BL35 -> 20 | F36: =E36/20 -> 1 | G36: =' TOP ABRIL 2026'!BM34+' TOP ABRIL 2026'!BM35 -> 11 | H36: =G36/20 -> 0.55 | I36: =E36+G36 -> 31 | J36: =I36/40 -> 0.775
B37: R3 | C37: MARCO A. CERVANTES | D37: COACALCO II
B38: R3 | C38: PAOLA S. ANSELMO | D38: TULTE PARK | E38: =' TOP ABRIL 2026'!BL36 -> 20 | F38: =E38/20 -> 1 | G38: =' TOP ABRIL 2026'!BM36 -> 18 | H38: =G38/20 -> 0.9 | I38: =E38+G38 -> 38 | J38: =I38/40 -> 0.95
B39: R4 | C39: JESUS BECERRA | D39: LAGO I | E39: =' TOP ABRIL 2026'!BL38 -> 20 | F39: =E39/20 -> 1 | G39: =' TOP ABRIL 2026'!BM38 -> 16 | H39: =G39/20 -> 0.8 | I39: =E39+G39 -> 36 | J39: =I39/40 -> 0.9
B40: R4 | C40: JESUS BECERRA | D40: LAGO II
B41: R4 | C41: EDGAR S. MARQUEZ | D41: LAGO III | E41: =' TOP ABRIL 2026'!BL39+' TOP ABRIL 2026'!BL40 -> 20 | F41: =E41/20 -> 1 | G41: =' TOP ABRIL 2026'!BM39+' TOP ABRIL 2026'!BM40 -> 18 | H41: =G41/20 -> 0.9 | I41: =E41+G41 -> 38 | J41: =I41/40 -> 0.95
B42: R4 | C42: EDGAR S. MARQUEZ | D42: FUNO CENTER
B43: R4 | C43: ANTONIO MARTINEZ | D43: SMO I | E43: =' TOP ABRIL 2026'!BL41+' TOP ABRIL 2026'!BL42 -> 15 | F43: =E43/20 -> 0.75 | G43: =' TOP ABRIL 2026'!BM41+' TOP ABRIL 2026'!BM42 -> 13 | H43: =G43/20 -> 0.65 | I43: =E43+G43 -> 28 | J43: =I43/40 -> 0.7
B44: R4 | C44: ANTONIO MARTINEZ | D44: SMO II
B45: R4 | C45: GERARDO ALONSO | D45: SMO III | E45: =' TOP ABRIL 2026'!BL43 -> 19 | F45: =E45/20 -> 0.95 | G45: =' TOP ABRIL 2026'!BM43 -> 13 | H45: =G45/20 -> 0.65 | I45: =E45+G45 -> 32 | J45: =I45/40 -> 0.8
B46: R4 | C46: JULIO CESAR NERI | D46: TLANE PARK IV/ BARRIENTOS II | E46: =' TOP ABRIL 2026'!BL44 -> 19 | F46: =E46/20 -> 0.95 | G46: =' TOP ABRIL 2026'!BM44 -> 14 | H46: =G46/20 -> 0.7 | I46: =E46+G46 -> 33 | J46: =I46/40 -> 0.825
B47: R4 | C47: JOSUE GUADARRAMA | D47: ATIZAPAN PARK | E47: =' TOP ABRIL 2026'!BL45 -> 20 | F47: =E47/20 -> 1 | G47: =' TOP ABRIL 2026'!BM45 -> 20 | H47: =G47/20 -> 1 | I47: =E47+G47 -> 40 | J47: =I47/40 -> 1
B48: R5 | C48: JUAN C. HERNANDEZ | D48: TEPOZOTLAN PARK | E48: =' TOP ABRIL 2026'!BL46 -> 19 | F48: =E48/20 -> 0.95 | G48: =' TOP ABRIL 2026'!BM46 -> 11 | H48: =G48/20 -> 0.55 | I48: =E48+G48 -> 30 | J48: =I48/40 -> 0.75
B49: R5 | C49: JUAN C. HERNANDEZ | D49: TEPOZOTLAN (CONVENTO).
B50: R5 | C50: DIEGO GARCIA | D50: CUAUTI PARK II | E50: =' TOP ABRIL 2026'!BL48 -> 20 | F50: =E50/20 -> 1 | G50: =' TOP ABRIL 2026'!BM48 -> 20 | H50: =G50/20 -> 1 | I50: =E50+G50 -> 40 | J50: =I50/40 -> 1
B51: R5 | C51: DIEGO GARCIA | D51: CUAUTI PARK III
B52: R5 | C52: DIEGO GARCIA | D52: PUENTE GRANDE I
B53: R5 | C53: DIEGO GARCIA | D53: PUENTE GRANDE II
B54: R5 | C54: DIEGO GARCIA | D54: TAJUELOS II
B55: R5 | C55: GUSTAVO R. VARGAS | D55: SAN JOSE | E55: =' TOP ABRIL 2026'!BL53+' TOP ABRIL 2026'!BL54 -> 20 | F55: =E55/20 -> 1 | G55: =' TOP ABRIL 2026'!BM53+' TOP ABRIL 2026'!BM54 -> 20 | H55: =G55/20 -> 1 | I55: =E55+G55 -> 40 | J55: =I55/40 -> 1
B56: R5 | C56: GUSTAVO R. VARGAS | D56: TEPOZ PARK II
B57: R5 | C57: ALLAN A. GONZALEZ | D57: TEPOZ PARK III | E57: =' TOP ABRIL 2026'!BL55+' TOP ABRIL 2026'!BL56 -> 20 | F57: =E57/20 -> 1 | G57: =' TOP ABRIL 2026'!BM55+' TOP ABRIL 2026'!BM56 -> 19 | H57: =G57/20 -> 0.95 | I57: =E57+G57 -> 39 | J57: =I57/40 -> 0.975
B58: R5 | C58: ALLAN A. GONZALEZ | D58: TEPOZ PARK IV
B59: R5 | C59: ALLAN A. GONZALEZ | D59: TEPOZ PARK V
B60: R5 | C60: PABLO REYES | D60: TEOLO PARK | E60: =' TOP ABRIL 2026'!BL58 -> 20 | F60: =E60/20 -> 1 | G60: =' TOP ABRIL 2026'!BM58 -> 17 | H60: =G60/20 -> 0.85 | I60: =E60+G60 -> 37 | J60: =I60/40 -> 0.925
B61: R5 | C61: ANAHI CALLEJAS | D61: TEPEJI PARK | E61: =' TOP ABRIL 2026'!BL59 -> 16 | F61: =E61/20 -> 0.8 | G61: =' TOP ABRIL 2026'!BM59 -> 12 | H61: =G61/20 -> 0.6 | I61: =E61+G61 -> 28 | J61: =I61/40 -> 0.7
B62: R5 | C62: ANAHI CALLEJAS | D62: PARQUE INDUSTRIAL TEPEJI.
B63: T-EMEX | C63: JOSE LUIS GARCIA | D63: T-MEX PARK | E63: =' TOP ABRIL 2026'!BL61 -> 20 | F63: =E63/20 -> 1 | G63: =' TOP ABRIL 2026'!BM61 -> 20 | H63: =G63/20 -> 1 | I63: =E63+G63 -> 40 | J63: =I63/40 -> 1
B64: R6 | C64: JESUS ISRAEL CARRERA | D64: QUERETARO PARK III | E64: =' TOP ABRIL 2026'!BL62 -> 19 | F64: =E64/20 -> 0.95 | G64: =' TOP ABRIL 2026'!BM62 -> 17 | H64: =G64/20 -> 0.85 | I64: =E64+G64 -> 36 | J64: =I64/40 -> 0.9
B65: R6 | C65: ERIKA TREJO | D65: QUERETARO PARK IV | E65: =' TOP ABRIL 2026'!BL63 -> 18 | F65: =E65/20 -> 0.9 | G65: =' TOP ABRIL 2026'!BM63 -> 18 | H65: =G65/20 -> 0.9 | I65: =E65+G65 -> 36 | J65: =I65/40 -> 0.9
B66: R6 | C66: MARIANO D. LORENZO | D66: QUERETARO PARK V | E66: =' TOP ABRIL 2026'!BL64+' TOP ABRIL 2026'!BL65 -> 19 | F66: =E66/20 -> 0.95 | G66: =' TOP ABRIL 2026'!BM64+' TOP ABRIL 2026'!BM65 -> 13 | H66: =G66/20 -> 0.65 | I66: =E66+G66 -> 32 | J66: =I66/40 -> 0.8
B67: R6 | C67: MARIANO D. LORENZO | D67: QUERETARO PARK VI
B68: R6 | C68: RODRIGO CERVANTES LUGO | D68: QUERETARO PARK VII | E68: =' TOP ABRIL 2026'!BL66 -> 12 | F68: =E68/20 -> 0.6 | G68: =' TOP ABRIL 2026'!BM66 -> 6 | H68: =G68/20 -> 0.3 | I68: =E68+G68 -> 18 | J68: =I68/40 -> 0.45
B69: R6 | C69: RODRIGO CERVANTES LUGO | D69: EL MARQUÉS
B70: R7 | C70: EMANUEL MARISCAL | D70: LERMA PARK | E70: =' TOP ABRIL 2026'!BL68 -> 20 | F70: =E70/20 -> 1 | G70: =' TOP ABRIL 2026'!BM68 -> 9 | H70: =G70/20 -> 0.45 | I70: =E70+G70 -> 29 | J70: =I70/40 -> 0.725
B71: R7 | C71: EMANUEL MARISCAL | D71: ESCATO
B72: R7 | C72: CHRISTAN E. MARQUEZ | D72: DOÑA ROSA | E72: =' TOP ABRIL 2026'!BL70+' TOP ABRIL 2026'!BL71 -> 18 | F72: =E72/20 -> 0.9 | G72: =' TOP ABRIL 2026'!BM70+' TOP ABRIL 2026'!BM71 -> 18 | H72: =G72/20 -> 0.9 | I72: =E72+G72 -> 36 | J72: =I72/40 -> 0.9
B73: R7 | C73: CHRISTAN E. MARQUEZ | D73: LERMA PARK II
B74: R7 | C74: OMAR HIDALGO | D74: POLARIS | E74: =' TOP ABRIL 2026'!BL72 -> 19 | F74: =E74/20 -> 0.95 | G74: =' TOP ABRIL 2026'!BM72 -> 20 | H74: =G74/20 -> 1 | I74: =E74+G74 -> 39 | J74: =I74/40 -> 0.975
B75: R7 | C75: NOE E. MARTINEZ | D75: MARAVILLAS | E75: =' TOP ABRIL 2026'!BL73 -> 19 | F75: =E75/20 -> 0.95 | G75: =' TOP ABRIL 2026'!BM73 -> 18 | H75: =G75/20 -> 0.9 | I75: =E75+G75 -> 37 | J75: =I75/40 -> 0.925
B76: R7 | C76: FERNANDO ROBLES | D76: TOLUCA PARK II (SANTIN) | E76: =' TOP ABRIL 2026'!BL74 -> 20 | F76: =E76/20 -> 1 | G76: =' TOP ABRIL 2026'!BM74 -> 20 | H76: =G76/20 -> 1 | I76: =E76+G76 -> 40 | J76: =I76/40 -> 1
B77: R7 | C77: RAUL MARISCAL | D77: TOLUCA PARK III (LA Y) | E77: =' TOP ABRIL 2026'!BL75 -> 9 | F77: =E77/20 -> 0.45 | G77: =' TOP ABRIL 2026'!BM75 -> 15 | H77: =G77/20 -> 0.75 | I77: =E77+G77 -> 24 | J77: =I77/40 -> 0.6
B78: R8 | C78: J. MARTIN SALAZAR | D78: TLAQUE PARK | E78: =' TOP ABRIL 2026'!BL76 -> 20 | F78: =E78/20 -> 1 | G78: =' TOP ABRIL 2026'!BM76 -> 20 | H78: =G78/20 -> 1 | I78: =E78+G78 -> 40 | J78: =I78/40 -> 1
B79: R8 | C79: FRANCISCO O. ROSAS | D79: GUADALAJARA PARK | E79: =' TOP ABRIL 2026'!BL77 -> 20 | F79: =E79/20 -> 1 | G79: =' TOP ABRIL 2026'!BM77 -> 20 | H79: =G79/20 -> 1 | I79: =E79+G79 -> 40 | J79: =I79/40 -> 1
B80: R8 | D80: EL SALTO I | E80: =' TOP ABRIL 2026'!BL79 -> 20 | F80: =E80/20 -> 1 | G80: =' TOP ABRIL 2026'!BM79 -> 20 | H80: =G80/20 -> 1 | I80: =E80+G80 -> 40 | J80: =I80/40 -> 1
B81: R8 | C81: GUILLERMO ROCHA | D81: EL SALTO PARK II | E81: =' TOP ABRIL 2026'!BL79 -> 20 | F81: =E81/20 -> 1 | G81: =' TOP ABRIL 2026'!BM79 -> 20 | H81: =G81/20 -> 1 | I81: =E81+G81 -> 40 | J81: =I81/40 -> 1
B82: R8 | C82: F. TONATIUH CARDENAS | D82: EL SALTO PARK III | E82: =' TOP ABRIL 2026'!BL80 -> 20 | F82: =E82/20 -> 1 | G82: =' TOP ABRIL 2026'!BM80 -> 20 | H82: =G82/20 -> 1 | I82: =E82+G82 -> 40 | J82: =I82/40 -> 1
B83: R8 | C83: BRENDA F. MENDOZA | D83: PARQUE INDUSTRIAL TECNOLÓGICO III (PIT III) | E83: =' TOP ABRIL 2026'!BL81 -> 20 | F83: =E83/20 -> 1 | G83: =' TOP ABRIL 2026'!BM81 -> 20 | H83: =G83/20 -> 1 | I83: =E83+G83 -> 40 | J83: =I83/40 -> 1
B84: R9 | C84: RUBEN FLORES | D84: MONTERREY PARK I | E84: =' TOP ABRIL 2026'!BL82+' TOP ABRIL 2026'!BL83 -> 20 | F84: =E84/20 -> 1 | G84: =' TOP ABRIL 2026'!BM82+' TOP ABRIL 2026'!BM83 -> 17 | H84: =G84/20 -> 0.85 | I84: =E84+G84 -> 37 | J84: =I84/40 -> 0.925
B85: R9 | C85: RUBEN FLORES | D85: TECNOCENTRO I
B86: R9 | C86: RUBEN FLORES | D86: TECNOCENTRO II
B87: R9 | C87: RUBEN FLORES | D87: TECNOCENTRO III
B88: R9 | C88: RUBEN FLORES | D88: TECNOCENTRO IV
B89: R9 | C89: GUILLERMO ROMO CASTILLO | D89: MBP | E89: =' TOP ABRIL 2026'!BL87 -> 20 | F89: =E89/20 -> 1 | G89: =' TOP ABRIL 2026'!BM87 -> 18 | H89: =G89/20 -> 0.9 | I89: =E89+G89 -> 38 | J89: =I89/40 -> 0.95
B90: R9 | C90: GUILLERMO ROMO CASTILLO | D90: GUADALAPE
B91: R9 | C91: GUILLERMO ROMO CASTILLO | D91: KRONOS
B92: R9 | C92: ANDREA VERGARA | D92: MAQUIL PARK | E92: =' TOP ABRIL 2026'!BL90 -> 9 | F92: =E92/8 -> 1.125 | G92: =' TOP ABRIL 2026'!BM90 -> 9 | H92: =G92/8 -> 1.125 | I92: =E92+G92 -> 18 | J92: =I92/18 -> 1
B93: R10 | C93: PAOLA N. PERALTA | D93: CANCÚN PARK | E93: =' TOP ABRIL 2026'!BL91 -> 20 | F93: =E93/20 -> 1 | G93: =' TOP ABRIL 2026'!BM91 -> 20 | H93: =G93/20 -> 1 | I93: =E93+G93 -> 40 | J93: =I93/40 -> 1
B94: R10 | D94: CANCÚN PARK II | E94: =' TOP ABRIL 2026'!BL92 -> 19 | F94: =E94/20 -> 0.95 | G94: =' TOP ABRIL 2026'!BM92 -> 18 | H94: =G94/20 -> 0.9 | I94: =E94+G94 -> 37 | J94: =I94/40 -> 0.925
B95: R10 | C95: ROBERTO | D95: CALO PARK | E95: =' TOP ABRIL 2026'!BL93 -> 20 | F95: =E95/20 -> 1 | G95: =' TOP ABRIL 2026'!BM93 -> 7 | H95: =G95/20 -> 0.35 | I95: =E95+G95 -> 27 | J95: =I95/40 -> 0.675
B96: GRUPO BALBROS | C96: ADRIANA GARZÓN | D96: MICROPARKS CARTAGENA | E96: =' TOP ABRIL 2026'!BL94 -> 18 | F96: =E96/20 -> 0.9 | G96: =' TOP ABRIL 2026'!BM94 -> 17 | H96: =G96/20 -> 0.85 | I96: =E96+G96 -> 35 | J96: =I96/40 -> 0.875
B97: GRUPO BALBROS | C97: ELIZABETH CONTRERAS | D97: MICROPARKS TULTE I | E97: =' TOP ABRIL 2026'!BL95+' TOP ABRIL 2026'!BL96 -> 20 | F97: =E97/20 -> 1 | G97: =' TOP ABRIL 2026'!BM95+' TOP ABRIL 2026'!BM96 -> 18 | H97: =G97/20 -> 0.9 | I97: =E97+G97 -> 38 | J97: =I97/40 -> 0.95
B98: GRUPO BALBROS | C98: ELIZABETH CONTRERAS | D98: MICROPARKS TULTE II
B99: GRUPO BALBROS | C99: SEBASTIÁN ROMERO | D99: MICROPARK TULTE III | E99: =' TOP ABRIL 2026'!BL97 -> 20 | F99: =E99/20 -> 1 | G99: =' TOP ABRIL 2026'!BM97 -> 20 | H99: =G99/20 -> 1 | I99: =E99+G99 -> 40 | J99: =I99/40 -> 1
B100: GRUPO BALBROS | C100: ABIGAIL HERNANDEZ | D100: EVOLUTION | E100: =' TOP ABRIL 2026'!BL98+' TOP ABRIL 2026'!BL99 -> 17 | F100: =E100/20 -> 0.85 | G100: =' TOP ABRIL 2026'!BM98+' TOP ABRIL 2026'!BM99 -> 12 | H100: =G100/20 -> 0.6 | I100: =E100+G100 -> 29 | J100: =I100/40 -> 0.725
B101: GRUPO BALBROS | C101: ABIGAIL HERNANDEZ | D101: LA TEJA
...

Sheet HORARIOS_DIC_2025
A1: REGION | B1: ADMINISTRADOR | C1: UNIDAD DE NEGOCIO | D1: 1 | F1: 2 | H1: 3 | J1: 4 | L1: 5 | N1: 6 | P1: 7 | R1: 8 | T1: 9 | V1: 10 | X1: 11 | Z1: 12 | AB1: 13 | AD1: 14 | AF1: 15 | AH1: 16 | AJ1: 17 | AL1: 18 | AN1: 19 | AP1: 20 | AR1: 21 | AT1: 22 | AV1: 23 | AX1: 24 | AZ1: 25 | BB1: 26 | BD1: 27 | BF1: 28 | BH1: 29 | BJ1: 30 | BL1: 31
D2: M | E2: V | F2: M | G2: V | H2: M | I2: V | J2: M | K2: V | L2: M | M2: V | N2: M | O2: V | P2: M | Q2: V | R2: M | S2: V | T2: M | U2: V | V2: M | W2: V | X2: M | Y2: V | Z2: M | AA2: V | AB2: M | AC2: V | AD2: M | AE2: V | AF2: M | AG2: V | AH2: M | AI2: V | AJ2: M | AK2: V | AL2: M | AM2: V | AN2: M | AO2: V | AP2: M | AQ2: V | AR2: M | AS2: V | AT2: M | AU2: V | AV2: M | AW2: V | AX2: M | AY2: V | AZ2: M | BA2: V | BB2: M | BC2: V | BD2: M | BE2: V | BF2: M | BG2: V | BH2: M | BI2: V | BJ2: M | BK2: V | BL2: M | BM2: V
D3: INICIO TOP MATUTINO | E3: INICIO TOP VESPERTINO | F3: INICIO TOP MATUTINO | G3: INICIO TOP VESPERTINO | H3: INICIO TOP MATUTINO | I3: INICIO TOP VESPERTINO | J3: INICIO TOP MATUTINO | K3: INICIO TOP VESPERTINO | L3: INICIO TOP MATUTINO | M3: INICIO TOP VESPERTINO | N3: INICIO TOP MATUTINO | O3: INICIO TOP VESPERTINO | P3: INICIO TOP MATUTINO | Q3: INICIO TOP VESPERTINO | R3: INICIO TOP MATUTINO | S3: INICIO TOP VESPERTINO | T3: INICIO TOP MATUTINO | U3: INICIO TOP VESPERTINO | V3: INICIO TOP MATUTINO | W3: INICIO TOP VESPERTINO | X3: INICIO TOP MATUTINO | Y3: INICIO TOP VESPERTINO | Z3: INICIO TOP MATUTINO | AA3: INICIO TOP VESPERTINO | AB3: INICIO TOP MATUTINO | AC3: INICIO TOP VESPERTINO | AD3: INICIO TOP MATUTINO | AE3: INICIO TOP VESPERTINO | AF3: INICIO TOP MATUTINO | AG3: INICIO TOP VESPERTINO | AH3: INICIO TOP MATUTINO | AI3: INICIO TOP VESPERTINO | AJ3: INICIO TOP MATUTINO | AK3: INICIO TOP VESPERTINO | AL3: INICIO TOP MATUTINO | AM3: INICIO TOP VESPERTINO | AN3: INICIO TOP MATUTINO | AO3: INICIO TOP VESPERTINO | AP3: INICIO TOP MATUTINO | AQ3: INICIO TOP VESPERTINO | AR3: INICIO TOP MATUTINO | AS3: INICIO TOP VESPERTINO | AT3: INICIO TOP MATUTINO | AU3: INICIO TOP VESPERTINO | AV3: INICIO TOP MATUTINO | AW3: INICIO TOP VESPERTINO | AX3: INICIO TOP MATUTINO | AY3: INICIO TOP VESPERTINO | AZ3: INICIO TOP MATUTINO | BA3: INICIO TOP VESPERTINO | BB3: INICIO TOP MATUTINO | BC3: INICIO TOP VESPERTINO | BD3: INICIO TOP MATUTINO | BE3: INICIO TOP VESPERTINO | BF3: INICIO TOP MATUTINO | BG3: INICIO TOP VESPERTINO | BH3: INICIO TOP MATUTINO | BI3: INICIO TOP VESPERTINO | BJ3: INICIO TOP MATUTINO | BK3: INICIO TOP VESPERTINO | BL3: INICIO TOP MATUTINO | BM3: INICIO TOP VESPERTINO | BN3: KEY
A4: R1 | B4: ALFREDO OLVERA | C4: AZCAPOPARK | D4: 08:49:00 | E4: 16:04:00 | F4: 08:32:00 | H4: 08:36:00 | I4: 16:16:00 | J4: 16:20:00 | L4: 08:38:00 | M4: 15:50:00 | N4: 08:24:00 | R4: 08:47:00 | S4: 16:00:00 | T4: 08:49:00 | U4: 15:59:00 | V4: 15:56:00 | X4: 08:32:00 | Y4: 16:02:00 | Z4: 08:39:00 | AA4: 16:05:00 | AB4: 09:01:00 | AF4: 08:39:00 | AG4: 15:59:00 | AH4: 08:30:00 | AI4: 15:54:00 | AJ4: 08:35:00 | AK4: 15:58:00 | AL4: 08:24:00 | AM4: 16:14:00 | AN4: 08:33:00 | AO4: 15:47:00 | AP4: 08:45:00 | AT4: 08:39:00 | AU4: 03:24:00 | AV4: 08:40:00 | AW4: 03:43:00 | BH4: 0.35833333 | BI4: 0.16388889 | BJ4: 0.35 | BK4: 0.16527778 | BN4: =A4&"|"&B4&"|"&C4 -> R1|ALFREDO OLVERA|AZCAPOPARK
A5: R1 | B5: ALFREDO OLVERA | C5: VALLEJO PARK | F5: 15:42:00 | J5: 08:37:00 | V5: 08:42:00 | BN5: =A5&"|"&B5&"|"&C5 -> R1|ALFREDO OLVERA|VALLEJO PARK
A6: R1 | B6: MARTIN BAUME | C6: GB | D6: 16:01:00 | F6: 08:30:00 | G6: 15:49:00 | H6: 08:31:00 | I6: 16:30:00 | J6: 16:30:00 | L6: 08:55:00 | M6: 15:59:00 | R6: 08:25:00 | S6: 16:21:00 | T6: 16:05:00 | V6: 08:23:00 | W6: 14:13:00 | X6: 16:14:00 | Z6: 08:38:00 | AB6: 08:15:00 | AF6: 08:37:00 | AG6: 16:23:00 | AH6: 08:27:00 | AI6: 16:14:00 | AJ6: 08:19:00 | AK6: 15:54:00 | AL6: 08:26:00 | AM6: 15:54:00 | AN6: 16:56:00 | BH6: 0.35902778 | BI6: 0.15763889 | BJ6: 0.36319444 | BK6: 0.16597222 | BN6: =A6&"|"&B6&"|"&C6 -> R1|MARTIN BAUME|GB
A7: R1 | B7: MARTIN BAUME | C7: CEYLAN | J7: 08:45:00 | X7: 08:43:00 | Z7: 15:30:00 | AN7: 08:28:00 | BN7: =A7&"|"&B7&"|"&C7 -> R1|MARTIN BAUME|CEYLAN
A8: R1 | B8: MARTIN BAUME | C8: 100 METROS | T8: 08:25:00 | BN8: =A8&"|"&B8&"|"&C8 -> R1|MARTIN BAUME|100 METROS
A9: R1 | B9: MARTIN BAUME | C9: PINO | BN9: =A9&"|"&B9&"|"&C9 -> R1|MARTIN BAUME|PINO
A10: R1 | B10: MARTIN BAUME | C10: VALLEJO 1746 | BN10: =A10&"|"&B10&"|"&C10 -> R1|MARTIN BAUME|VALLEJO 1746
A11: R1 | B11: JAIR ABRAHAM GONZALEZ | C11: TLANE PARK III | D11: 09:09:00 | E11: 16:00:00 | F11: 16:02:00 | H11: 08:34:00 | I11: 16:12:00 | J11: 08:40:00 | K11: 16:15:00 | L11: 09:34:00 | M11: 16:16:00 | R11: 08:43:00 | S11: 15:48:00 | T11: 08:32:00 | U11: 16:08:00 | V11: 08:40:00 | W11: 15:53:00 | X11: 08:34:00 | Y11: 15:55:00 | Z11: 08:31:00 | AA11: 15:50:00 | AF11: 08:36:00 | AG11: 15:34:00 | AH11: 08:38:00 | AI11: 15:35:00 | AJ11: 08:24:00 | AK11: 15:56:00 | AL11: 08:35:00 | AM11: 15:51:00 | AN11: 08:51:00 | AO11: 15:39:00 | AT11: 08:39:00 | AU11: 03:33:00 | AV11: 08:35:00 | AW11: 04:21:00 | BH11: 0.35902778 | BI11: 0.15347222 | BJ11: 0.36180556 | BK11: 0.15694444 | BN11: =A11&"|"&B11&"|"&C11 -> R1|JAIR ABRAHAM GONZALEZ|TLANE PARK III
A12: R1 | B12: JAIR ABRAHAM GONZALEZ | C12: VIA MORELOS | F12: 08:38:00 | N12: 08:47:00 | BN12: =A12&"|"&B12&"|"&C12 -> R1|JAIR ABRAHAM GONZALEZ|VIA MORELOS
A13: R1 | B13: JAIR ABRAHAM GONZALEZ | C13: TLANE PARK V | BN13: =A13&"|"&B13&"|"&C13 -> R1|JAIR ABRAHAM GONZALEZ|TLANE PARK V
A14: R1 | B14: JAIR ABRAHAM GONZALEZ | C14: VALLEJO 2000 | BN14: =A14&"|"&B14&"|"&C14 -> R1|JAIR ABRAHAM GONZALEZ|VALLEJO 2000
A15: R1 | B15: JAIR ABRAHAM GONZALEZ | C15: LA PRESA | BN15: =A15&"|"&B15&"|"&C15 -> R1|JAIR ABRAHAM GONZALEZ|LA PRESA
A16: R1 | B16: JAIR ABRAHAM GONZALEZ | C16: CHIQUIHUITE (WALMART) | BN16: =A16&"|"&B16&"|"&C16 -> R1|JAIR ABRAHAM GONZALEZ|CHIQUIHUITE (WALMART)
A17: R1 | B17: GEOVANI PEÑA | C17: LOS REYES | D17: 09:09:00 | E17: 16:11:00 | F17: 08:53:00 | G17: 15:53:00 | H17: 08:04:00 | I17: 16:09:00 | J17: 08:01:00 | K17: 16:32:00 | L17: 08:07:00 | M17: 16:18:00 | N17: 08:39:00 | R17: 08:41:00 | S17: 15:59:00 | T17: 08:05:00 | U17: 15:32:00 | V17: 08:16:00 | W17: 15:59:00 | X17: 09:29:00 | Y17: 16:05:00 | Z17: 07:39:00 | AA17: 16:12:00 | AF17: 08:20:00 | AG17: 16:07:00 | AH17: 08:17:00 | AI17: 16:06:00 | AJ17: 07:56:00 | AK17: 16:27:00 | AL17: 07:52:00 | AM17: 15:59:00 | AN17: 08:04:00 | AO17: 16:07:00 | AP17: 08:34:00 | AT17: 08:14:00 | AU17: 03:52:00 | AV17: 08:28:00 | AW17: 04:10:00 | AX17: 11:33:00 | BB17: 08:29:00 | BC17: 03:58:00 | BN17: =A17&"|"&B17&"|"&C17 -> R1|GEOVANI PEÑA|LOS REYES
A18: R1 | B18: GEOVANI PEÑA | C18: IXTAPALUCA | BN18: =A18&"|"&B18&"|"&C18 -> R1|GEOVANI PEÑA|IXTAPALUCA
A19: R1 | B19: GEOVANI PEÑA | C19: IZTAPALAPA | BN19: =A19&"|"&B19&"|"&C19 -> R1|GEOVANI PEÑA|IZTAPALAPA
A20: R2 | B20: OMAR SANCHEZ | C20: TULTI PARK I | F20: 08:31:00 | G20: 16:29:00 | H20: 08:56:00 | I20: 04:42:00 | J20: 15:48:00 | L20: 16:07:00 | T20: 09:06:00 | U20: 15:41:00 | V20: 08:47:00 | W20: 15:35:00 | X20: 08:59:00 | Y20: 15:41:00 | Z20: 09:03:00 | AA20: 15:54:00 | AF20: 09:01:00 | AG20: 15:24:00 | AH20: 09:03:00 | AI20: 15:47:00 | AJ20: 09:02:00 | AK20: 15:23:00 | AL20: 09:04:00 | AM20: 15:44:00 | AN20: 09:06:00 | AO20: 15:30:00 | AP20: 09:07:00 | AT20: 09:05:00 | AU20: 04:16:00 | AV20: 09:07:00 | AW20: 03:08:00 | BB20: 09:09:00 | BC20: 03:26:00 | BI20: 0.13125 | BJ20: 0.37708333 | BK20: 0.14652778 | BN20: =A20&"|"&B20&"|"&C20 -> R2|OMAR SANCHEZ|TULTI PARK I
A21: R2 | B21: ARTURO ESPINOSA | C21: JAMES WATT | D21: 09:05:00 | E21: 16:01:00 | F21: 08:29:00 | G21: 15:15:00 | H21: 08:23:00 | I21: 15:22:00 | J21: 08:33:00 | K21: 15:18:00 | L21: 08:35:00 | M21: 15:27:00 | T21: 08:31:00 | U21: 15:20:00 | V21: 08:29:00 | W21: 15:44:00 | X21: 08:47:00 | Y21: 15:43:00 | Z21: 08:24:00 | AA21: 15:26:00 | AF21: 08:32:00 | AG21: 15:02:00 | AH21: 08:26:00 | AI21: 15:40:00 | AJ21: 08:43:00 | AK21: 14:56:00 | AL21: 08:04:00 | AM21: 15:13:00 | AN21: 07:58:00 | AO21: 14:53:00 | AT21: 08:12:00 | AU21: 02:51:00 | AV21: 08:23:00 | AW21: 02:20:00 | BB21: 08:56:00 | BC21: 03:18:00 | BD21: 0.41736111 | BH21: 0.35138889 | BI21: 0.125 | BJ21: 0.33958333 | BL21: 0.35625 | BM21: 0.11597222 | BN21: =A21&"|"&B21&"|"&C21 -> R2|ARTURO ESPINOSA|JAMES WATT
A22: R2 | B22: ARTURO VALERIO | C22: LA PALMA | D22: 09:58:00 | E22: 15:40:00 | J22: 08:43:00 | K22: 15:40:00 | L22: 09:01:00 | M22: 17:32:00 | N22: 09:21:00 | R22: 08:43:00 | S22: 17:17:00 | V22: 08:52:00 | W22: 15:28:00 | AF22: 08:48:00 | AG22: 15:53:00 | AL22: 08:57:00 | AM22: 16:02:00 | AP22: 09:04:00 | AV22: 09:20:00 | AW22: 04:08:00 | BB22: 04:47:00 | BN22: =A22&"|"&B22&"|"&C22 -> R2|ARTURO VALERIO|LA PALMA
A23: R2 | B23: ARTURO VALERIO | C23: LA JOYA I Y II | F23: 08:49:00 | G23: 15:58:00 | T23: 08:43:00 | Z23: 08:46:00 | AA23: 16:54:00 | AH23: 09:00:00 | AI23: 15:23:00 | AN23: 08:57:00 | AO23: 15:32:00 | BB23: 11:04:00 | BN23: =A23&"|"&B23&"|"&C23 -> R2|ARTURO VALERIO|LA JOYA I Y II
A24: R2 | B24: ARTURO VALERIO | C24: LA JOYA III | H24: 08:55:00 | I24: 16:14:00 | X24: 08:50:00 | Y24: 16:04:00 | AJ24: 09:01:00 | BN24: =A24&"|"&B24&"|"&C24 -> R2|ARTURO VALERIO|LA JOYA III
A25: R2 | B25: ARTURO VALERIO | C25: LA JOYA IV | BN25: =A25&"|"&B25&"|"&C25 -> R2|ARTURO VALERIO|LA JOYA IV
A26: R2 | B26: ARTURO VALERIO | C26: LA JOYA V | BN26: =A26&"|"&B26&"|"&C26 -> R2|ARTURO VALERIO|LA JOYA V
A27: R2 | B27: ARTURO VALERIO | C27: DIAMANTE | BN27: =A27&"|"&B27&"|"&C27 -> R2|ARTURO VALERIO|DIAMANTE
A28: R2 | B28: ARTURO VALERIO | C28: PUMA | AT28: 09:30:00 | BN28: =A28&"|"&B28&"|"&C28 -> R2|ARTURO VALERIO|PUMA
A29: R2 | B29: MONSERRAT ESQUIVEL | C29: TULTITLAN I | D29: 10:02:00 | E29: 16:11:00 | F29: 08:44:00 | G29: 15:59:00 | H29: 08:56:00 | I29: 16:04:00 | J29: 08:38:00 | L29: 08:59:00 | M29: 15:49:00 | R29: 09:10:00 | S29: 16:13:00 | T29: 10:04:00 | U29: 16:03:00 | V29: 10:02:00 | W29: 15:45:00 | X29: 08:46:00 | Y29: 15:56:00 | Z29: 08:36:00 | AA29: 15:37:00 | AH29: 09:12:00 | AI29: 15:38:00 | AJ29: 15:36:00 | AL29: 08:46:00 | AM29: 15:54:00 | AN29: 09:15:00 | AO29: 15:45:00 | AT29: 09:23:00 | AU29: 03:44:00 | AV29: 09:06:00 | AW29: 04:09:00 | BB29: 03:34:00 | BH29: 0.37916667 | BJ29: 0.42638889 | BK29: 0.15208333 | BN29: =A29&"|"&B29&"|"&C29 -> R2|MONSERRAT ESQUIVEL|TULTITLAN I
A30: R2 | B30: RAFAEL PONCE | C30: TULTITLAN II | D30: 08:50:00 | E30: 16:13:00 | F30: 08:45:00 | G30: 16:00:00 | H30: 08:26:00 | I30: 14:02:00 | J30: 10:00:00 | K30: 15:37:00 | L30: 08:49:00 | M30: 16:12:00 | T30: 08:36:00 | U30: 15:38:00 | V30: 08:52:00 | W30: 15:44:00 | X30: 08:24:00 | Y30: 15:32:00 | Z30: 08:32:00 | AA30: 15:22:00 | AB30: 08:41:00 | AF30: 09:35:00 | AG30: 15:41:00 | AH30: 09:02:00 | AI30: 15:07:00 | AJ30: 08:32:00 | AK30: 15:11:00 | AL30: 08:30:00 | AM30: 15:58:00 | AN30: 08:25:00 | AO30: 16:04:00 | AT30: 09:29:00 | AU30: 03:30:00 | AV30: 08:55:00 | AW30: 03:48:00 | BB30: 09:21:00 | BH30: 0.36041667 | BI30: 0.16736111 | BJ30: 0.37986111 | BK30: 0.18055556 | BN30: =A30&"|"&B30&"|"&C30 -> R2|RAFAEL PONCE|TULTITLAN II
A31: R3 | B31: CARLOS A. CARRILLO | C31: TULTI PARK II | D31: 09:00:00 | F31: 08:41:00 | G31: 15:51:00 | H31: 08:45:00 | I31: 15:50:00 | J31: 08:36:00 | K31: 15:37:00 | L31: 08:26:00 | M31: 15:15:00 | N31: 10:13:00 | R31: 09:42:00 | S31: 17:29:00 | T31: 08:39:00 | U31: 16:08:00 | V31: 08:50:00 | W31: 16:47:00 | X31: 08:40:00 | Y31: 15:19:00 | Z31: 08:43:00 | AA31: 15:50:00 | AB31: 08:54:00 | AF31: 08:42:00 | AG31: 15:05:00 | AH31: 08:39:00 | AI31: 15:21:00 | AJ31: 08:29:00 | AK31: 16:05:00 | AL31: 07:56:00 | AM31: 15:36:00 | AN31: 09:11:00 | AO31: 15:50:00 | AP31: 09:00:00 | AT31: 08:58:00 | AU31: 03:02:00 | AV31: 08:37:00 | AW31: 03:12:00 | AX31: 01:31:00 | AY31: 03:31:00 | BB31: 08:54:00 | BC31: 03:25:00 | BD31: 0.37638889 | BE31: 0.52638889 | BH31: 0.36527778 | BI31: 0.12638889 | BJ31: 0.34861111 | BK31: 0.14444444 | BM31: 0.072222222 | BN31: =A31&"|"&B31&"|"&C31 -> R3|CARLOS A. CARRILLO|TULTI PARK II
A32: R3 | B32: IVAN GONZALEZ | C32: TULTI PARK III | D32: 09:29:00 | E32: 16:47:00 | H32: 08:37:00 | I32: 15:41:00 | J32: 08:53:00 | K32: 15:40:00 | L32: 08:54:00 | M32: 16:08:00 | R32: 08:40:00 | S32: 15:29:00 | T32: 08:34:00 | U32: 15:45:00 | V32: 08:27:00 | W32: 15:32:00 | X32: 08:49:00 | Y32: 15:29:00 | Z32: 08:40:00 | AA32: 15:53:00 | AF32: 08:58:00 | AG32: 15:46:00 | AH32: 08:39:00 | AI32: 15:30:00 | AJ32: 08:51:00 | AK32: 15:29:00 | AL32: 08:46:00 | AM32: 15:37:00 | AN32: 08:41:00 | AO32: 15:23:00 | AT32: 08:28:00 | AU32: 03:12:00 | AV32: 08:50:00 | AW32: 03:25:00 | AX32: 11:38:00 | BB32: 08:41:00 | BC32: 03:26:00 | BN32: =A32&"|"&B32&"|"&C32 -> R3|IVAN GONZALEZ|TULTI PARK III
A33: R3 | B33: ANDREA F. MIRANDA | C33: TULTI PARK IV | D33: 09:05:00 | E33: 15:45:00 | F33: 08:43:00 | G33: 16:04:00 | H33: 08:25:00 | I33: 16:01:00 | J33: 15:43:00 | L33: 08:18:00 | M33: 15:31:00 | N33: 08:25:00 | R33: 08:26:00 | S33: 15:43:00 | T33: 08:40:00 | U33: 15:43:00 | V33: 08:23:00 | W33: 15:12:00 | X33: 08:31:00 | Y33: 15:42:00 | Z33: 08:40:00 | AA33: 16:10:00 | AF33: 08:36:00 | AH33: 08:32:00 | AI33: 15:37:00 | AL33: 15:22:00 | AN33: 08:30:00 | AT33: 08:30:00 | AV33: 05:11:00 | BH33: 0.36458333 | BI33: 0.15208333 | BJ33: 0.38125 | BK33: 0.14861111 | BL33: 0.45347222 | BN33: =A33&"|"&B33&"|"&C33 -> R3|ANDREA F. MIRANDA|TULTI PARK IV
A34: R3 | B34: ANDREA F. MIRANDA | C34: COACALCO | BN34: =A34&"|"&B34&"|"&C34 -> R3|ANDREA F. MIRANDA|COACALCO
A35: R3 | B35: MARCO A. CERVANTES | C35: MEXIQUENSE | D35: 09:15:00 | E35: 16:18:00 | F35: 09:02:00 | G35: 15:48:00 | H35: 08:36:00 | I35: 15:24:00 | J35: 08:41:00 | K35: 15:54:00 | L35: 08:48:00 | M35: 15:10:00 | R35: 08:41:00 | S35: 15:20:00 | T35: 08:31:00 | U35: 15:18:00 | V35: 08:25:00 | W35: 16:14:00 | X35: 08:36:00 | Y35: 15:12:00 | Z35: 08:23:00 | AA35: 15:26:00 | AB35: 08:17:00 | AF35: 08:27:00 | AG35: 15:33:00 | AH35: 08:29:00 | AI35: 15:34:00 | AJ35: 08:32:00 | AK35: 15:32:00 | AL35: 08:24:00 | AM35: 15:07:00 | AN35: 08:26:00 | AO35: 15:07:00 | AP35: 08:21:00 | AT35: 08:43:00 | AU35: 03:16:00 | AV35: 09:25:00 | AW35: 04:10:00 | AX35: 11:00:00 | BB35: 09:09:00 | BC35: 03:56:00 | BD35: 0.42638889 | BH35: 0.36944444 | BJ35: 0.35833333 | BN35: =A35&"|"&B35&"|"&C35 -> R3|MARCO A. CERVANTES|MEXIQUENSE
A36: R3 | B36: PAOLA S. ANSELMO | C36: TULTE PARK | D36: 08:53:00 | E36: 15:25:00 | F36: 08:34:00 | G36: 16:36:00 | H36: 08:09:00 | I36: 16:08:00 | J36: 08:29:00 | K36: 16:11:00 | L36: 08:21:00 | M36: 16:03:00 | R36: 08:33:00 | S36: 15:31:00 | T36: 08:21:00 | U36: 15:55:00 | V36: 08:24:00 | W36: 15:56:00 | X36: 08:40:00 | Y36: 15:19:00 | Z36: 08:33:00 | AA36: 15:22:00 | AF36: 08:48:00 | AG36: 15:13:00 | AH36: 08:40:00 | AI36: 14:51:00 | AJ36: 08:41:00 | AK36: 15:42:00 | AL36: 08:07:00 | AM36: 14:58:00 | AN36: 08:27:00 | AO36: 15:19:00 | AT36: 03:19:00 | AV36: 09:52:00 | BB36: 12:00:00 | BN36: =A36&"|"&B36&"|"&C36 -> R3|PAOLA S. ANSELMO|TULTE PARK
A37: R4 | B37: JESUS BECERRA | C37: LAGO I | BN37: =A37&"|"&B37&"|"&C37 -> R4|JESUS BECERRA|LAGO I
A38: R4 | B38: JESUS BECERRA | C38: LAGO II | D38: 09:02:00 | E38: 15:31:00 | F38: 08:42:00 | G38: 15:24:00 | H38: 08:39:00 | I38: 15:46:00 | J38: 08:23:00 | K38: 15:35:00 | L38: 09:26:00 | M38: 15:37:00 | R38: 08:58:00 | S38: 15:29:00 | T38: 15:37:00 | V38: 08:46:00 | W38: 15:41:00 | X38: 08:49:00 | Y38: 15:10:00 | Z38: 08:25:00 | AA38: 15:52:00 | AB38: 08:48:00 | AF38: 08:05:00 | AG38: 15:28:00 | AH38: 09:10:00 | AI38: 15:25:00 | AJ38: 08:35:00 | AL38: 08:57:00 | AM38: 15:37:00 | AN38: 08:40:00 | AO38: 15:23:00 | AP38: 08:46:00 | AT38: 08:59:00 | AU38: 03:40:00 | AV38: 09:34:00 | AW38: 03:37:00 | BB38: 08:45:00 | BC38: 04:06:00 | BD38: 0.36458333 | BE38: 0.50416667 | BH38: 0.37083333 | BI38: 0.14444444 | BJ38: 0.375 | BK38: 0.15069444 | BN38: =A38&"|"&B38&"|"&C38 -> R4|JESUS BECERRA|LAGO II
A39: R4 | B39: EDGAR S. MARQUEZ | C39: LAGO III | F39: 09:05:00 | G39: 16:01:00 | H39: 08:50:00 | I39: 15:28:00 | J39: 08:49:00 | K39: 15:53:00 | R39: 09:36:00 | S39: 15:22:00 | T39: 08:49:00 | U39: 15:36:00 | X39: 08:32:00 | Y39: 15:41:00 | AF39: 08:26:00 | AG39: 15:30:00 | AH39: 08:31:00 | AI39: 15:30:00 | AL39: 08:28:00 | AM39: 15:42:00 | AN39: 08:32:00 | AO39: 15:35:00 | AT39: 09:29:00 | AU39: 03:13:00 | AV39: 03:44:00 | BJ39: 0.35763889 | BK39: 0.18819444 | BN39: =A39&"|"&B39&"|"&C39 -> R4|EDGAR S. MARQUEZ|LAGO III
A40: R4 | B40: EDGAR S. MARQUEZ | C40: FUNO CENTER | D40: 09:40:00 | E40: 15:53:00 | L40: 08:54:00 | M40: 15:37:00 | V40: 08:43:00 | W40: 15:31:00 | Z40: 08:32:00 | AA40: 15:35:00 | AB40: 08:33:00 | AJ40: 08:34:00 | AK40: 15:21:00 | AN40: 15:44:00 | AT40: 08:38:00 | AV40: 08:43:00 | BB40: 08:24:00 | BC40: 03:29:00 | BH40: 0.36111111 | BI40: 0.15 | BN40: =A40&"|"&B40&"|"&C40 -> R4|EDGAR S. MARQUEZ|FUNO CENTER
A41: R4 | B41: ANTONIO MARTINEZ | C41: SMO I | D41: 08:58:00 | E41: 15:58:00 | H41: 08:50:00 | I41: 16:42:00 | J41: 15:22:00 | R41: 09:34:00 | S41: 15:44:00 | T41: 16:20:00 | V41: 15:29:00 | Z41: 09:11:00 | AA41: 16:52:00 | AF41: 16:25:00 | AJ41: 09:06:00 | AK41: 17:25:00 | AN41: 09:18:00 | AO41: 17:59:00 | AT41: 09:07:00 | AU41: 05:49:00 | AV41: 10:51:00 | AW41: 06:19:00 | BB41: 10:07:00 | BH41: 0.40972222 | BJ41: 0.38055556 | BK41: 0.15902778 | BN41: =A41&"|"&B41&"|"&C41 -> R4|ANTONIO MARTINEZ|SMO I
A42: R4 | B42: ANTONIO MARTINEZ | C42: SMO II | D42: 08:58:00 | E42: 15:58:00 | F42: 08:50:00 | G42: 16:48:00 | H42: 08:50:00 | J42: 09:05:00 | L42: 10:08:00 | R42: 09:34:00 | T42: 09:49:00 | V42: 08:39:00 | AF42: 16:25:00 | AH42: 09:59:00 | AI42: 16:17:00 | AL42: 09:40:00 | AM42: 16:31:00 | AN42: 09:18:00 | BI42: 0.19027778 | BJ42: 0.41319444 | BN42: =A42&"|"&B42&"|"&C42 -> R4|ANTONIO MARTINEZ|SMO II
A43: R4 | B43: GERARDO ALONSO | C43: SMO III | AT43: 08:31:00 | AU43: 03:33:00 | AV43: 08:33:00 | AW43: 03:31:00 | BB43: 08:39:00 | BC43: 03:35:00 | BH43: 0.35486111 | BI43: 0.14305556 | BJ43: 0.35069444 | BK43: 0.15069444 | BN43: =A43&"|"&B43&"|"&C43 -> R4|GERARDO ALONSO|SMO III
A44: R4 | B44: JULIO CESAR NERI | C44: TLANE PARK IV/ BARRIENTOS II | BH44: 0.34861111 | BN44: =A44&"|"&B44&"|"&C44 -> R4|JULIO CESAR NERI|TLANE PARK IV/ BARRIENTOS II
A45: R4 | B45: JOSUE GUADARRAMA | C45: ATIZAPAN PARK | D45: 09:20:00 | E45: 15:51:00 | F45: 08:38:00 | G45: 15:34:00 | H45: 08:39:00 | I45: 15:32:00 | J45: 08:47:00 | K45: 15:37:00 | L45: 08:51:00 | M45: 15:24:00 | N45: 08:28:00 | R45: 08:53:00 | S45: 15:32:00 | T45: 08:38:00 | U45: 15:38:00 | V45: 08:39:00 | W45: 15:14:00 | X45: 08:31:00 | Y45: 15:01:00 | Z45: 08:25:00 | AA45: 15:50:00 | AF45: 08:34:00 | AG45: 15:04:00 | AH45: 08:30:00 | AI45: 15:00:00 | AJ45: 08:32:00 | AK45: 15:40:00 | AL45: 08:31:00 | AM45: 15:38:00 | AN45: 08:29:00 | AO45: 16:17:00 | AP45: 08:34:00 | AT45: 08:33:00 | BB45: 08:40:00 | BC45: 03:26:00 | BJ45: 0.36875 | BN45: =A45&"|"&B45&"|"&C45 -> R4|JOSUE GUADARRAMA|ATIZAPAN PARK
A46: R5 | B46: JUAN C. HERNANDEZ | C46: TEPOZOTLAN PARK | D46: 09:32:00 | E46: 16:21:00 | F46: 09:00:00 | G46: 16:43:00 | H46: 08:00:00 | I46: 15:24:00 | J46: 08:52:00 | K46: 15:29:00 | L46: 09:29:00 | M46: 15:59:00 | N46: 01:37:00 | R46: 08:03:00 | S46: 16:21:00 | T46: 09:23:00 | U46: 15:25:00 | V46: 07:30:00 | W46: 17:20:00 | X46: 08:42:00 | Y46: 14:57:00 | Z46: 15:40:00 | AB46: 10:14:00 | AF46: 09:43:00 | AH46: 08:37:00 | AI46: 15:47:00 | AJ46: 07:34:00 | AK46: 14:55:00 | AL46: 09:21:00 | AM46: 15:11:00 | AN46: 07:14:00 | AO46: 15:13:00 | AT46: 10:23:00 | AU46: 04:08:00 | AX46: 10:44:00 | AY46: 01:06:00 | BB46: 04:45:00 | BJ46: 0.41458333 | BK46: 0.14097222 | BL46: 0.38333333 | BN46: =A46&"|"&B46&"|"&C46 -> R5|JUAN C. HERNANDEZ|TEPOZOTLAN PARK
A47: R5 | B47: JUAN C. HERNANDEZ | C47: TEPOZOTLAN (CONVENTO). | BN47: =A47&"|"&B47&"|"&C47 -> R5|JUAN C. HERNANDEZ|TEPOZOTLAN (CONVENTO).
A48: R5 | B48: DIEGO GARCIA | C48: CUAUTI PARK II | D48: 08:52:00 | E48: 16:07:00 | F48: 08:25:00 | G48: 15:56:00 | H48: 08:27:00 | I48: 15:54:00 | J48: 08:30:00 | K48: 15:56:00 | L48: 08:32:00 | M48: 04:01:00 | R48: 08:26:00 | S48: 15:54:00 | T48: 08:35:00 | U48: 16:08:00 | V48: 08:33:00 | W48: 16:03:00 | X48: 08:38:00 | Y48: 16:06:00 | Z48: 08:34:00 | AA48: 15:58:00 | AB48: 08:36:00 | AF48: 08:30:00 | AG48: 16:05:00 | AJ48: 08:59:00 | AK48: 16:57:00 | AN48: 10:04:00 | AP48: 09:45:00 | AT48: 10:53:00 | AV48: 10:20:00 | AW48: 05:42:00 | AX48: 01:03:00 | BB48: 11:57:00 | BC48: 05:46:00 | BD48: 0.41388889 | BH48: 0.35277778 | BI48: 0.16805556 | BJ48: 0.35208333 | BK48: 0.16527778 | BL48: 0.35486111 | BN48: =A48&"|"&B48&"|"&C48 -> R5|DIEGO GARCIA|CUAUTI PARK II
A49: R5 | B49: DIEGO GARCIA | C49: CUAUTI PARK III | BN49: =A49&"|"&B49&"|"&C49 -> R5|DIEGO GARCIA|CUAUTI PARK III
A50: R5 | B50: DIEGO GARCIA | C50: PUENTE GRANDE I | BN50: =A50&"|"&B50&"|"&C50 -> R5|DIEGO GARCIA|PUENTE GRANDE I
A51: R5 | B51: DIEGO GARCIA | C51: PUENTE GRANDE II | BN51: =A51&"|"&B51&"|"&C51 -> R5|DIEGO GARCIA|PUENTE GRANDE II
A52: R5 | B52: DIEGO GARCIA | C52: TAJUELOS II | BN52: =A52&"|"&B52&"|"&C52 -> R5|DIEGO GARCIA|TAJUELOS II
A53: R5 | B53: GUSTAVO R. VARGAS | C53: SAN JOSE | H53: 15:43:00 | L53: 09:32:00 | X53: 09:54:00 | AH53: 09:21:00 | AJ53: 09:10:00 | AX53: 10:46:00 | BJ53: 0.39236111 | BN53: =A53&"|"&B53&"|"&C53 -> R5|GUSTAVO R. VARGAS|SAN JOSE
A54: R5 | B54: GUSTAVO R. VARGAS | C54: TEPOZ PARK II | F54: 08:39:00 | G54: 16:16:00 | H54: 09:47:00 | R54: 09:49:00 | S54: 16:22:00 | T54: 09:25:00 | U54: 16:54:00 | V54: 09:52:00 | X54: 16:29:00 | AB54: 10:26:00 | AF54: 17:31:00 | AH54: 16:54:00 | AJ54: 09:55:00 | AK54: 18:05:00 | BH54: 0.38541667 | BI54: 0.18194444 | BJ54: 0.425 | BK54: 0.15 | BL54: 0.37430556 | BM54: 0.14652778 | BN54: =A54&"|"&B54&"|"&C54 -> R5|GUSTAVO R. VARGAS|TEPOZ PARK II
A55: R5 | B55: ALLAN A. GONZALEZ | C55: TEPOZ PARK III | D55: 15:52:00 | F55: 08:44:00 | H55: 15:43:00 | T55: 08:56:00 | U55: 15:38:00 | Z55: 09:13:00 | AA55: 15:48:00 | AF55: 16:01:00 | AH55: 09:13:00 | AJ55: 15:30:00 | AL55: 15:32:00 | AN55: 16:00:00 | AP55: 09:02:00 | AT55: 09:09:00 | AU55: 03:37:00 | AV55: 09:12:00 | AW55: 03:39:00 | AX55: 11:10:00 | BN55: =A55&"|"&B55&"|"&C55 -> R5|ALLAN A. GONZALEZ|TEPOZ PARK III
A56: R5 | B56: ALLAN A. GONZALEZ | C56: TEPOZ PARK IV | F56: 15:56:00 | H56: 09:02:00 | R56: 09:14:00 | S56: 16:14:00 | V56: 09:05:00 | W56: 15:31:00 | X56: 08:58:00 | Z56: 15:49:00 | AJ56: 09:07:00 | AV56: 11:22:00 | AW56: 03:43:00 | BD56: 0.41805556 | BH56: 0.38263889 | BI56: 0.15277778 | BJ56: 0.38402778 | BK56: 0.16805556 | BL56: 0.42847222 | BN56: =A56&"|"&B56&"|"&C56 -> R5|ALLAN A. GONZALEZ|TEPOZ PARK IV
A57: R5 | B57: ALLAN A. GONZALEZ | C57: TEPOZ PARK V | D57: 09:18:00 | H57: 08:48:00 | AF57: 09:01:00 | AL57: 09:08:00 | BB57: 10:45:00 | BC57: 03:40:00 | BN57: =A57&"|"&B57&"|"&C57 -> R5|ALLAN A. GONZALEZ|TEPOZ PARK V
A58: R5 | B58: PABLO REYES | C58: TEOLO PARK | D58: 09:27:00 | E58: 16:07:00 | F58: 09:28:00 | G58: 15:45:00 | H58: 09:29:00 | I58: 15:57:00 | J58: 09:27:00 | K58: 15:27:00 | L58: 09:21:00 | M58: 15:48:00 | R58: 09:35:00 | S58: 15:57:00 | T58: 09:10:00 | U58: 16:17:00 | V58: 09:30:00 | X58: 08:50:00 | Y58: 15:50:00 | Z58: 09:26:00 | AA58: 15:47:00 | AB58: 09:18:00 | AF58: 09:26:00 | AG58: 15:29:00 | AH58: 09:15:00 | AI58: 15:28:00 | AJ58: 15:30:00 | AL58: 09:42:00 | AM58: 15:39:00 | AN58: 08:39:00 | AO58: 16:08:00 | AT58: 09:27:00 | AU58: 03:38:00 | AV58: 09:13:00 | AW58: 03:46:00 | AX58: 11:03:00 | AY58: 01:24:00 | BB58: 09:47:00 | BC58: 03:42:00 | BD58: 0.39166667 | BH58: 0.39583333 | BI58: 0.15277778 | BJ58: 0.38125 | BK58: 0.14166667 | BL58: 0.42430556 | BN58: =A58&"|"&B58&"|"&C58 -> R5|PABLO REYES|TEOLO PARK
A59: R5 | B59: ANAHI CALLEJAS | C59: TEPEJI PARK | D59: 09:49:00 | E59: 16:00:00 | F59: 08:46:00 | G59: 16:05:00 | H59: 09:18:00 | I59: 16:01:00 | J59: 09:29:00 | K59: 15:35:00 | L59: 09:25:00 | M59: 15:47:00 | N59: 09:04:00 | R59: 09:29:00 | S59: 16:03:00 | T59: 09:25:00 | V59: 09:30:00 | W59: 15:56:00 | X59: 08:53:00 | Y59: 15:04:00 | Z59: 08:40:00 | AA59: 15:49:00 | AB59: 09:37:00 | AF59: 09:37:00 | AG59: 16:24:00 | AH59: 10:45:00 | AI59: 15:55:00 | AJ59: 10:12:00 | AK59: 16:22:00 | AL59: 09:24:00 | AM59: 15:30:00 | AN59: 09:26:00 | AO59: 16:07:00 | AP59: 11:27:00 | AT59: 10:35:00 | AV59: 05:09:00 | AX59: 09:50:00 | BB59: 09:50:00 | BC59: 04:30:00 | BD59: 0.50208333 | BE59: 0.50208333 | BN59: =A59&"|"&B59&"|"&C59 -> R5|ANAHI CALLEJAS|TEPEJI PARK
A60: R5 | B60: ANAHI CALLEJAS | C60: PARQUE INDUSTRIAL TEPEJI. | BN60: =A60&"|"&B60&"|"&C60 -> R5|ANAHI CALLEJAS|PARQUE INDUSTRIAL TEPEJI.
A61: T-EMEX | B61: JOSE LUIS GARCIA | C61: T-MEX PARK | D61: 09:03:00 | E61: 15:45:00 | F61: 08:31:00 | G61: 15:55:00 | H61: 08:30:00 | I61: 15:37:00 | J61: 08:30:00 | K61: 15:35:00 | L61: 08:26:00 | N61: 11:13:00 | R61: 08:35:00 | S61: 16:22:00 | T61: 08:39:00 | U61: 16:23:00 | V61: 08:50:00 | W61: 15:41:00 | X61: 08:35:00 | Y61: 15:00:00 | Z61: 08:54:00 | AA61: 15:49:00 | AB61: 09:18:00 | AF61: 09:00:00 | AG61: 15:39:00 | AH61: 08:37:00 | AI61: 15:37:00 | AJ61: 08:54:00 | AK61: 15:06:00 | AL61: 09:49:00 | AM61: 15:33:00 | AN61: 08:55:00 | AO61: 15:40:00 | AP61: 09:18:00 | AQ61: 12:18:00 | AT61: 08:57:00 | AU61: 04:13:00 | AV61: 08:55:00 | AW61: 05:03:00 | AX61: 11:06:00 | BH61: 0.37916667 | BI61: 0.13333333 | BN61: =A61&"|"&B61&"|"&C61 -> T-EMEX|JOSE LUIS GARCIA|T-MEX PARK
A62: R6 | B62: ANA BRITO | C62: QUERETARO PARK III | D62: 09:16:00 | F62: 08:35:00 | G62: 15:57:00 | H62: 08:18:00 | I62: 15:26:00 | J62: 08:26:00 | K62: 15:19:00 | L62: 08:43:00 | M62: 15:30:00 | N62: 09:19:00 | R62: 09:04:00 | S62: 15:41:00 | T62: 08:23:00 | U62: 15:43:00 | V62: 08:42:00 | X62: 08:21:00 | Z62: 08:58:00 | AA62: 15:25:00 | AF62: 09:07:00 | AG62: 16:04:00 | AH62: 08:46:00 | AI62: 16:10:00 | AJ62: 08:56:00 | AK62: 17:13:00 | AL62: 09:16:00 | AM62: 15:59:00 | AN62: 09:18:00 | AP62: 09:31:00 | AT62: 09:06:00 | AU62: 03:23:00 | AV62: 09:05:00 | AW62: 03:36:00 | BB62: 09:08:00 | BC62: 03:22:00 | BH62: 0.37638889 | BI62: 0.12847222 | BJ62: 0.38125 | BK62: 0.15902778 | BN62: =A62&"|"&B62&"|"&C62 -> R6|ANA BRITO|QUERETARO PARK III
A63: R6 | B63: ERIKA TREJO | C63: QUERETARO PARK IV | D63: 08:58:00 | E63: 16:07:00 | F63: 08:29:00 | G63: 15:29:00 | H63: 08:32:00 | J63: 08:40:00 | K63: 16:11:00 | L63: 09:01:00 | R63: 08:32:00 | S63: 16:08:00 | T63: 08:37:00 | U63: 16:52:00 | V63: 08:32:00 | Z63: 18:22:00 | AB63: 09:26:00 | AF63: 08:45:00 | AH63: 08:29:00 | AJ63: 08:37:00 | AK63: 18:24:00 | AL63: 08:46:00 | AN63: 09:29:00 | AT63: 09:24:00 | AU63: 06:05:00 | AV63: 09:58:00 | AW63: 05:45:00 | BB63: 08:56:00 | BC63: 04:40:00 | BH63: 0.40416667 | BN63: =A63&"|"&B63&"|"&C63 -> R6|ERIKA TREJO|QUERETARO PARK IV
A64: R6 | B64: MARIANO D. LORENZO | C64: QUERETARO PARK V | D64: 08:59:00 | H64: 08:36:00 | I64: 15:45:00 | L64: 08:46:00 | T64: 08:33:00 | U64: 16:08:00 | V64: 09:05:00 | X64: 09:04:00 | AB64: 09:30:00 | AH64: 09:03:00 | AL64: 08:55:00 | AM64: 15:43:00 | AV64: 10:23:00 | AW64: 03:43:00 | BH64: 0.36041667 | BI64: 0.15486111 | BJ64: 0.40416667 | BK64: 0.16388889 | BN64: =A64&"|"&B64&"|"&C64 -> R6|MARIANO D. LORENZO|QUERETARO PARK V
A65: R6 | B65: MARIANO D. LORENZO | C65: QUERETARO PARK VI | D65: 08:58:00 | F65: 08:47:00 | G65: 16:00:00 | J65: 09:18:00 | K65: 15:41:00 | L65: 15:22:00 | R65: 09:34:00 | S65: 16:13:00 | Z65: 08:57:00 | AA65: 15:49:00 | AB65: 09:50:00 | AF65: 08:42:00 | AG65: 15:47:00 | AJ65: 08:47:00 | AK65: 16:56:00 | AT65: 09:50:00 | BB65: 08:57:00 | BC65: 03:51:00 | BJ65: 0.38472222 | BN65: =A65&"|"&B65&"|"&C65 -> R6|MARIANO D. LORENZO|QUERETARO PARK VI
A66: R6 | B66: RODRIGO CERVANTES LUGO | C66: QUERETARO PARK VII | D66: 16:17:00 | F66: 08:47:00 | G66: 15:59:00 | H66: 08:49:00 | I66: 15:59:00 | J66: 08:18:00 | K66: 16:15:00 | L66: 08:33:00 | M66: 16:07:00 | N66: 08:41:00 | R66: 09:01:00 | S66: 16:06:00 | T66: 08:57:00 | U66: 16:33:00 | V66: 08:47:00 | W66: 16:22:00 | X66: 09:15:00 | Z66: 09:16:00 | AA66: 15:59:00 | AF66: 09:03:00 | AG66: 15:55:00 | AH66: 08:43:00 | AI66: 16:37:00 | AJ66: 16:46:00 | AL66: 09:30:00 | AM66: 17:20:00 | AN66: 09:54:00 | AP66: 08:43:00 | AT66: 09:16:00 | AU66: 05:06:00 | AV66: 09:51:00 | AW66: 04:59:00 | BB66: 09:34:00 | BC66: 04:58:00 | BH66: 0.38333333 | BI66: 0.19513889 | BJ66: 0.36111111 | BK66: 0.16388889 | BN66: =A66&"|"&B66&"|"&C66 -> R6|RODRIGO CERVANTES LUGO|QUERETARO PARK VII
A67: R6 | B67: RODRIGO CERVANTES LUGO | C67: EL MARQUÉS | BN67: =A67&"|"&B67&"|"&C67 -> R6|RODRIGO CERVANTES LUGO|EL MARQUÉS
A68: R7 | B68: EMANUEL MARISCAL | C68: LERMA PARK | D68: 08:58:00 | E68: 15:30:00 | F68: 08:33:00 | G68: 15:30:00 | H68: 08:46:00 | I68: 15:34:00 | J68: 08:36:00 | K68: 15:16:00 | L68: 08:33:00 | M68: 15:31:00 | R68: 09:19:00 | S68: 16:01:00 | T68: 08:45:00 | U68: 16:17:00 | V68: 08:47:00 | W68: 15:02:00 | X68: 08:46:00 | Y68: 15:59:00 | Z68: 08:25:00 | AA68: 17:49:00 | AB68: 09:19:00 | AH68: 11:07:00 | AI68: 16:36:00 | AJ68: 10:11:00 | AL68: 09:45:00 | AN68: 10:08:00 | AT68: 09:07:00 | AU68: 03:16:00 | AV68: 03:06:00 | BN68: =A68&"|"&B68&"|"&C68 -> R7|EMANUEL MARISCAL|LERMA PARK
A69: R7 | B69: EMANUEL MARISCAL | C69: ESCATO | BN69: =A69&"|"&B69&"|"&C69 -> R7|EMANUEL MARISCAL|ESCATO
A70: R7 | B70: CHRISTAN E. MARQUEZ | C70: DOÑA ROSA | D70: 09:10:00 | F70: 08:29:00 | G70: 16:46:00 | H70: 08:37:00 | I70: 16:15:00 | J70: 10:09:00 | K70: 17:36:00 | L70: 09:05:00 | M70: 15:46:00 | R70: 08:32:00 | T70: 09:25:00 | U70: 15:47:00 | V70: 08:50:00 | W70: 16:25:00 | X70: 08:24:00 | Y70: 15:20:00 | Z70: 15:15:00 | AH70: 09:12:00 | AI70: 16:34:00 | AJ70: 08:52:00 | AK70: 15:09:00 | AL70: 09:06:00 | AM70: 15:22:00 | AN70: 14:36:00 | AT70: 09:12:00 | AU70: 03:16:00 | BN70: =A70&"|"&B70&"|"&C70 -> R7|CHRISTAN E. MARQUEZ|DOÑA ROSA
A71: R7 | B71: CHRISTAN E. MARQUEZ | C71: LERMA PARK II | J71: 08:32:00 | T71: 08:32:00 | V71: 16:50:00 | X71: 08:46:00 | Y71: 15:46:00 | Z71: 08:39:00 | AF71: 08:37:00 | AG71: 17:01:00 | AJ71: 08:50:00 | AN71: 08:47:00 | AT71: 09:07:00 | AU71: 03:16:00 | AV71: 09:06:00 | BN71: =A71&"|"&B71&"|"&C71 -> R7|CHRISTAN E. MARQUEZ|LERMA PARK II
A72: R7 | B72: OMAR HIDALGO | C72: POLARIS | D72: 09:49:00 | E72: 16:37:00 | F72: 08:31:00 | G72: 15:29:00 | H72: 08:32:00 | I72: 15:26:00 | J72: 08:36:00 | K72: 15:18:00 | L72: 03:29:00 | R72: 08:33:00 | S72: 15:38:00 | T72: 08:35:00 | U72: 15:36:00 | X72: 08:33:00 | Y72: 15:30:00 | Z72: 08:28:00 | AA72: 15:06:00 | AF72: 08:39:00 | AG72: 15:36:00 | AH72: 08:39:00 | AI72: 15:12:00 | AJ72: 08:37:00 | AK72: 15:06:00 | AL72: 15:44:00 | AN72: 08:50:00 | AO72: 14:58:00 | AT72: 08:12:00 | AU72: 03:44:00 | AV72: 08:26:00 | AW72: 03:16:00 | BB72: 08:39:00 | BH72: 0.37222222 | BI72: 0.12847222 | BJ72: 0.38402778 | BK72: 0.15208333 | BN72: =A72&"|"&B72&"|"&C72 -> R7|OMAR HIDALGO|POLARIS
A73: R7 | B73: NOE E. MARTINEZ | C73: MARAVILLAS | D73: 09:21:00 | E73: 15:42:00 | F73: 08:40:00 | G73: 15:27:00 | H73: 08:34:00 | I73: 15:57:00 | J73: 08:38:00 | K73: 15:22:00 | L73: 08:43:00 | M73: 15:41:00 | N73: 09:19:00 | R73: 09:10:00 | S73: 16:06:00 | T73: 08:34:00 | U73: 15:30:00 | V73: 08:44:00 | W73: 15:11:00 | X73: 08:35:00 | Y73: 15:09:00 | Z73: 08:31:00 | AA73: 15:31:00 | AF73: 15:54:00 | AH73: 08:35:00 | AI73: 16:12:00 | AJ73: 10:12:00 | AK73: 16:11:00 | AL73: 09:26:00 | AM73: 16:00:00 | AN73: 08:53:00 | AO73: 16:02:00 | AT73: 08:25:00 | AU73: 04:29:00 | AV73: 08:34:00 | AW73: 04:11:00 | BH73: 0.39375 | BI73: 0.17222222 | BJ73: 0.35625 | BN73: =A73&"|"&B73&"|"&C73 -> R7|NOE E. MARTINEZ|MARAVILLAS
A74: R7 | B74: FERNANDO ROBLES | C74: TOLUCA PARK II (SANTIN) | D74: 08:54:00 | E74: 15:28:00 | F74: 08:52:00 | G74: 15:51:00 | H74: 08:41:00 | J74: 08:40:00 | K74: 15:57:00 | L74: 09:07:00 | M74: 15:45:00 | R74: 08:44:00 | S74: 15:41:00 | T74: 08:53:00 | U74: 15:39:00 | V74: 08:53:00 | W74: 15:37:00 | X74: 09:03:00 | Y74: 15:20:00 | Z74: 08:47:00 | AA74: 15:31:00 | AB74: 09:12:00 | AF74: 08:57:00 | AG74: 16:10:00 | AH74: 09:08:00 | AI74: 15:03:00 | AJ74: 08:51:00 | AK74: 15:29:00 | AL74: 09:02:00 | AM74: 15:14:00 | AN74: 09:20:00 | AO74: 16:05:00 | AT74: 09:16:00 | AU74: 03:23:00 | AV74: 09:40:00 | AW74: 02:39:00 | BB74: 08:41:00 | BC74: 03:19:00 | BH74: 0.35416667 | BI74: 0.14861111 | BJ74: 0.35902778 | BK74: 0.14236111 | BN74: =A74&"|"&B74&"|"&C74 -> R7|FERNANDO ROBLES|TOLUCA PARK II (SANTIN)
A75: R7 | B75: RAUL MARISCAL | C75: TOLUCA PARK III (LA Y) | D75: 12:00:00 | E75: 16:00:00 | F75: 09:14:00 | G75: 15:25:00 | H75: 09:09:00 | I75: 15:44:00 | J75: 08:32:00 | K75: 15:09:00 | L75: 09:20:00 | M75: 15:28:00 | N75: 09:12:00 | R75: 09:34:00 | S75: 15:36:00 | T75: 09:22:00 | U75: 15:32:00 | V75: 09:18:00 | W75: 15:29:00 | X75: 10:21:00 | Y75: 15:57:00 | Z75: 15:48:00 | AH75: 10:26:00 | AI75: 15:05:00 | AL75: 10:36:00 | AM75: 14:33:00 | AN75: 12:00:00 | AO75: 15:21:00 | AT75: 03:00:00 | AV75: 11:36:00 | AW75: 03:04:00 | BI75: 0.16666667 | BN75: =A75&"|"&B75&"|"&C75 -> R7|RAUL MARISCAL|TOLUCA PARK III (LA Y)
A76: R8 | B76: J. MARTIN SALAZAR | C76: TLAQUE PARK | D76: 08:49:00 | E76: 15:34:00 | F76: 08:31:00 | G76: 15:40:00 | H76: 08:37:00 | I76: 15:34:00 | J76: 08:14:00 | K76: 15:26:00 | L76: 08:40:00 | M76: 15:09:00 | N76: 09:11:00 | R76: 08:45:00 | S76: 15:31:00 | T76: 08:44:00 | U76: 16:10:00 | V76: 08:51:00 | W76: 14:58:00 | X76: 15:44:00 | Z76: 08:26:00 | AB76: 10:24:00 | AF76: 08:32:00 | AG76: 15:28:00 | AH76: 08:39:00 | AI76: 15:29:00 | AJ76: 09:31:00 | AL76: 08:49:00 | AM76: 15:22:00 | AN76: 08:34:00 | AO76: 15:40:00 | AP76: 09:44:00 | AT76: 08:39:00 | AU76: 04:18:00 | AV76: 08:38:00 | AW76: 03:38:00 | BB76: 09:14:00 | BC76: 03:37:00 | BD76: 0.38194444 | BH76: 0.38472222 | BI76: 0.15833333 | BJ76: 0.40138889 | BK76: 0.15069444 | BL76: 0.44027778 | BN76: =A76&"|"&B76&"|"&C76 -> R8|J. MARTIN SALAZAR|TLAQUE PARK
A77: R8 | B77: FRANCISCO O. ROSAS | C77: GUADALAJARA PARK | D77: 08:35:00 | E77: 16:00:00 | F77: 08:30:00 | G77: 15:36:00 | H77: 08:27:00 | I77: 17:58:00 | J77: 09:02:00 | K77: 16:50:00 | L77: 08:49:00 | M77: 17:28:00 | N77: 10:02:00 | R77: 08:31:00 | S77: 16:10:00 | T77: 08:31:00 | U77: 16:06:00 | V77: 08:33:00 | W77: 15:55:00 | X77: 08:39:00 | Y77: 16:07:00 | Z77: 08:34:00 | AA77: 16:18:00 | AB77: 12:43:00 | AF77: 08:39:00 | AG77: 16:32:00 | AH77: 08:49:00 | AI77: 16:42:00 | AJ77: 08:49:00 | AL77: 09:19:00 | AM77: 15:56:00 | AN77: 08:46:00 | AO77: 17:17:00 | AP77: 11:18:00 | AQ77: 03:15:00 | AT77: 09:44:00 | AV77: 08:47:00 | AW77: 04:26:00 | AX77: 11:13:00 | BB77: 08:52:00 | BE77: 0.050694444 | BH77: 0.37986111 | BI77: 0.16666667 | BJ77: 0.41458333 | BK77: 0.14444444 | BL77: 0.40972222 | BN77: =A77&"|"&B77&"|"&C77 -> R8|FRANCISCO O. ROSAS|GUADALAJARA PARK
A78: R8 | B78: GUILLERMO ROCHA | C78: EL SALTO PARK | D78: 17:19:00 | F78: 09:03:00 | G78: 15:40:00 | H78: 08:56:00 | I78: 17:02:00 | J78: 08:56:00 | K78: 15:03:00 | L78: 08:54:00 | M78: 15:35:00 | R78: 09:00:00 | S78: 16:25:00 | T78: 08:44:00 | U78: 15:43:00 | V78: 09:04:00 | W78: 15:55:00 | X78: 09:01:00 | Y78: 15:58:00 | Z78: 09:03:00 | AA78: 15:54:00 | AF78: 08:52:00 | AG78: 16:02:00 | AH78: 08:55:00 | AI78: 15:23:00 | AJ78: 09:02:00 | AL78: 09:09:00 | AM78: 15:47:00 | AN78: 09:14:00 | AO78: 15:32:00 | AT78: 08:29:00 | AU78: 03:52:00 | AV78: 08:57:00 | AW78: 03:26:00 | BB78: 09:08:00 | BC78: 03:30:00 | BH78: 0.37361111 | BI78: 0.17291667 | BJ78: 0.38333333 | BK78: 0.17430556 | BN78: =A78&"|"&B78&"|"&C78 -> R8|GUILLERMO ROCHA|EL SALTO PARK
A79: R8 | B79: F. TONATIUH CARDENAS | C79: EL SALTO PARK III | D79: 08:49:00 | E79: 16:02:00 | F79: 08:50:00 | G79: 16:05:00 | H79: 08:38:00 | I79: 16:33:00 | J79: 08:50:00 | K79: 04:23:00 | L79: 08:56:00 | M79: 16:25:00 | R79: 08:34:00 | S79: 16:17:00 | T79: 09:13:00 | V79: 08:48:00 | W79: 16:37:00 | X79: 09:05:00 | Z79: 08:25:00 | AA79: 16:44:00 | AF79: 08:33:00 | AG79: 16:38:00 | AH79: 08:51:00 | AJ79: 09:08:00 | AL79: 08:43:00 | AM79: 16:59:00 | AN79: 15:56:00 | AT79: 08:52:00 | AU79: 04:19:00 | AV79: 08:38:00 | AW79: 03:27:00 | BB79: 08:55:00 | BH79: 0.35347222 | BI79: 0.17847222 | BJ79: 0.36388889 | BK79: 0.16944444 | BN79: =A79&"|"&B79&"|"&C79 -> R8|F. TONATIUH CARDENAS|EL SALTO PARK III
A80: R8 | B80: BRENDA F. MENDOZA | C80: PARQUE INDUSTRIAL TECNOLÓGICO III (PIT III) | BD80: 0.37361111 | BE80: 0.52152778 | BH80: 0.37916667 | BI80: 0.13055556 | BJ80: 0.34791667 | BK80: 0.16319444 | BL80: 0.37430556 | BN80: =A80&"|"&B80&"|"&C80 -> R8|BRENDA F. MENDOZA|PARQUE INDUSTRIAL TECNOLÓGICO III (PIT III)
A81: R9 | B81: RUBEN FLORES | C81: MONTERREY PARK I | D81: 08:50:00 | E81: 15:29:00 | F81: 08:16:00 | G81: 15:14:00 | H81: 08:36:00 | I81: 15:31:00 | J81: 08:28:00 | K81: 15:15:00 | L81: 08:15:00 | M81: 15:11:00 | R81: 08:25:00 | S81: 15:31:00 | T81: 09:11:00 | U81: 15:18:00 | V81: 08:28:00 | W81: 15:13:00 | X81: 08:14:00 | Y81: 15:23:00 | Z81: 08:27:00 | AA81: 15:08:00 | AF81: 08:30:00 | AG81: 15:02:00 | AH81: 08:25:00 | AI81: 15:26:00 | AJ81: 08:22:00 | AK81: 15:20:00 | AL81: 08:31:00 | AM81: 15:19:00 | AN81: 08:03:00 | AT81: 08:14:00 | AU81: 03:03:00 | AV81: 08:33:00 | BB81: 08:32:00 | BC81: 04:47:00 | BH81: 0.34097222 | BJ81: 0.34236111 | BN81: =A81&"|"&B81&"|"&C81 -> R9|RUBEN FLORES|MONTERREY PARK I
A82: R9 | B82: RUBEN FLORES | C82: TECNOCENTRO I | D82: 08:50:00 | E82: 15:29:00 | F82: 08:16:00 | G82: 15:14:00 | H82: 08:36:00 | I82: 15:31:00 | J82: 08:28:00 | K82: 15:15:00 | L82: 08:15:00 | M82: 15:11:00 | R82: 08:25:00 | S82: 15:31:00 | T82: 09:11:00 | U82: 15:18:00 | V82: 08:28:00 | W82: 15:13:00 | X82: 08:14:00 | Y82: 15:23:00 | Z82: 08:27:00 | AA82: 15:08:00 | AF82: 08:30:00 | AG82: 15:02:00 | AH82: 08:25:00 | AI82: 15:26:00 | AJ82: 08:22:00 | AK82: 15:20:00 | AL82: 08:31:00 | AM82: 15:19:00 | AN82: 15:00:00 | AV82: 02:16:00 | BB82: 03:38:00 | BI82: 0.12222222 | BK82: 0.13125 | BN82: =A82&"|"&B82&"|"&C82 -> R9|RUBEN FLORES|TECNOCENTRO I
A83: R9 | B83: RUBEN FLORES | C83: TECNOCENTRO II | D83: 08:50:00 | E83: 15:29:00 | F83: 08:16:00 | G83: 15:14:00 | H83: 08:36:00 | I83: 15:31:00 | J83: 08:28:00 | K83: 15:15:00 | L83: 08:15:00 | M83: 15:11:00 | R83: 08:25:00 | S83: 15:31:00 | T83: 09:11:00 | U83: 15:18:00 | V83: 08:28:00 | W83: 15:13:00 | X83: 08:14:00 | Y83: 15:23:00 | Z83: 08:27:00 | AA83: 15:08:00 | AF83: 08:30:00 | AG83: 15:02:00 | AH83: 08:25:00 | AI83: 15:26:00 | AJ83: 08:22:00 | AK83: 15:20:00 | AL83: 08:31:00 | AM83: 15:19:00 | BN83: =A83&"|"&B83&"|"&C83 -> R9|RUBEN FLORES|TECNOCENTRO II
A84: R9 | B84: RUBEN FLORES | C84: TECNOCENTRO III | D84: 08:50:00 | E84: 15:29:00 | F84: 08:16:00 | G84: 15:14:00 | H84: 08:36:00 | I84: 15:31:00 | J84: 08:28:00 | K84: 15:15:00 | L84: 08:15:00 | M84: 15:11:00 | R84: 08:25:00 | S84: 15:31:00 | T84: 09:11:00 | U84: 15:18:00 | V84: 08:28:00 | W84: 15:13:00 | X84: 08:14:00 | Y84: 15:23:00 | Z84: 08:27:00 | AA84: 15:08:00 | AF84: 08:30:00 | AG84: 15:02:00 | AH84: 08:25:00 | AI84: 15:26:00 | AJ84: 08:22:00 | AK84: 15:20:00 | AL84: 08:31:00 | AM84: 15:19:00 | BN84: =A84&"|"&B84&"|"&C84 -> R9|RUBEN FLORES|TECNOCENTRO III
A85: R9 | B85: RUBEN FLORES | C85: TECNOCENTRO IV | D85: 08:50:00 | E85: 15:29:00 | F85: 08:16:00 | G85: 15:14:00 | H85: 08:36:00 | I85: 15:31:00 | J85: 08:28:00 | K85: 15:15:00 | L85: 08:15:00 | M85: 15:11:00 | R85: 08:25:00 | S85: 15:31:00 | T85: 09:11:00 | U85: 15:18:00 | V85: 08:28:00 | W85: 15:13:00 | X85: 08:14:00 | Y85: 15:23:00 | Z85: 08:27:00 | AA85: 15:08:00 | AF85: 08:30:00 | AG85: 15:02:00 | AH85: 08:25:00 | AI85: 15:26:00 | AJ85: 08:22:00 | AK85: 15:20:00 | AL85: 08:31:00 | AM85: 15:19:00 | BN85: =A85&"|"&B85&"|"&C85 -> R9|RUBEN FLORES|TECNOCENTRO IV
A86: R9 | B86: GUILLERMO ROMO CASTILLO | C86: MBP | D86: 09:05:00 | E86: 15:31:00 | F86: 08:26:00 | G86: 15:14:00 | H86: 09:00:00 | I86: 16:58:00 | J86: 08:53:00 | K86: 15:40:00 | L86: 09:00:00 | M86: 16:00:00 | R86: 09:00:00 | S86: 15:49:00 | T86: 08:54:00 | U86: 16:10:00 | V86: 08:59:00 | W86: 16:02:00 | X86: 09:22:00 | Y86: 15:50:00 | Z86: 08:41:00 | AA86: 16:04:00 | AB86: 08:41:00 | AF86: 09:25:00 | AH86: 09:19:00 | AJ86: 09:19:00 | AK86: 15:47:00 | AL86: 08:49:00 | AM86: 15:45:00 | AN86: 09:12:00 | AO86: 15:53:00 | AT86: 03:51:00 | AV86: 09:27:00 | BB86: 09:20:00 | BC86: 03:55:00 | BH86: 0.40069444 | BI86: 0.18819444 | BJ86: 0.41041667 | BK86: 0.18819444 | BN86: =A86&"|"&B86&"|"&C86 -> R9|GUILLERMO ROMO CASTILLO|MBP
A87: R9 | B87: GUILLERMO ROMO CASTILLO | C87: GUADALAPE | BN87: =A87&"|"&B87&"|"&C87 -> R9|GUILLERMO ROMO CASTILLO|GUADALAPE
A88: R9 | B88: GUILLERMO ROMO CASTILLO | C88: KRONOS | BN88: =A88&"|"&B88&"|"&C88 -> R9|GUILLERMO ROMO CASTILLO|KRONOS
A89: R9 | B89: ANDREA VERGARA | C89: MAQUIL PARK | D89: 09:02:00 | E89: 16:36:00 | F89: 08:45:00 | G89: 15:32:00 | H89: 08:32:00 | I89: 15:32:00 | J89: 08:40:00 | K89: 15:37:00 | L89: 08:38:00 | M89: 15:38:00 | R89: 09:06:00 | S89: 15:35:00 | T89: 09:05:00 | U89: 15:41:00 | V89: 09:10:00 | W89: 15:39:00 | X89: 09:48:00 | Y89: 15:35:00 | AF89: 08:45:00 | AG89: 15:40:00 | AH89: 08:46:00 | AI89: 15:50:00 | AL89: 09:40:00 | AM89: 15:48:00 | AN89: 09:06:00 | AO89: 15:49:00 | AT89: 09:13:00 | AU89: 03:12:00 | AV89: 09:05:00 | AW89: 03:42:00 | BB89: 09:11:00 | BC89: 03:30:00 | BN89: =A89&"|"&B89&"|"&C89 -> R9|ANDREA VERGARA|MAQUIL PARK
A90: R10 | B90: PAOLA N. PERALTA | C90: CANCÚN PARK | D90: 15:12:00 | F90: 08:09:00 | G90: 15:35:00 | H90: 08:00:00 | J90: 07:08:00 | K90: 15:09:00 | R90: 07:32:00 | S90: 15:06:00 | T90: 07:40:00 | U90: 15:21:00 | V90: 07:35:00 | W90: 15:14:00 | X90: 07:46:00 | Y90: 15:42:00 | Z90: 07:51:00 | AA90: 14:35:00 | AF90: 08:09:00 | AG90: 14:40:00 | AH90: 09:19:00 | AI90: 14:41:00 | AJ90: 08:18:00 | AK90: 14:51:00 | AL90: 08:32:00 | AM90: 15:28:00 | AN90: 08:11:00 | AO90: 15:15:00 | AT90: 08:13:00 | AU90: 03:31:00 | AV90: 08:22:00 | AW90: 03:29:00 | AX90: 11:18:00 | BB90: 08:17:00 | BC90: 03:57:00 | BH90: 0.33263889 | BI90: 0.13055556 | BJ90: 0.36666667 | BK90: 0.15277778 | BL90: 0.42291667 | BN90: =A90&"|"&B90&"|"&C90 -> R10|PAOLA N. PERALTA|CANCÚN PARK
A91: GRUPO BALBROS | B91: ADRIANA GARZÓN | C91: MICROPARKS CARTAGENA | D91: J | E91: J | F91: J | G91: J | H91: J | I91: J | J91: J | K91: J | L91: J | M91: J | N91: J | O91: J | P91: J | Q91: J | S91: 0.65347222 | U91: 0.67361111 | V91: 0.36180556 | AB91: J | AC91: J | AD91: J | AE91: J | AI91: 0.65763889 | AJ91: 0.42222222 | AK91: 0.65625 | AL91: 0.37152778 | AO91: 0.63819444 | AP91: J | AQ91: J | AR91: J | AS91: J | AT91: 0.37361111 | AU91: 0.16319444 | AZ91: J | BA91: J | BB91: 0.39722222 | BN91: =A91&"|"&B91&"|"&C91 -> GRUPO BALBROS|ADRIANA GARZÓN|MICROPARKS CARTAGENA
A92: GRUPO BALBROS | B92: ADRIANA GARZÓN | C92: MICROPARKS TULTE I | D92: J | E92: J | F92: J | G92: J | H92: J | I92: J | J92: J | K92: J | L92: J | M92: J | N92: J | O92: J | P92: J | Q92: J | T92: 0.35208333 | Z92: 0.45902778 | AB92: J | AC92: J | AD92: J | AE92: J | AH92: 0.44513889 | AN92: 0.44097222 | AP92: J | AQ92: J | AR92: J | AS92: J | AV92: 0.40763889 | AW92: 0.15555556 | AZ92: J | BA92: J
A93: GRUPO BALBROS | B93: ADRIANA GARZÓN | C93: MICROPARKS TULTE II | D93: J | E93: J | F93: J | G93: J | H93: J | I93: J | J93: J | K93: J | L93: J | M93: J | N93: J | O93: J | P93: J | Q93: J | X93: 0.34652778 | Y93: 0.65208333 | Z93: 0.39305556 | AA93: 0.67708333 | AB93: J | AC93: J | AD93: J | AE93: J | AF93: 0.41666667 | AM93: 0.65833333 | AP93: J | AQ93: J | AR93: J | AS93: J | AY93: 0.0625 | AZ93: J | BA93: J | BC93: 0.16944444 | BH93: 0.40833333 | BL93: 0.42638889
A94: GRUPO BALBROS | B94: SEBASTIÁN ROMERO | C94: MICROPARK TULTE III | D94: J | E94: J | F94: J | G94: J | H94: J | I94: J | J94: J | K94: J | L94: J | M94: J | N94: J | O94: J | P94: J | Q94: J | S94: 0.67361111 | T94: 0.38125 | U94: 0.67222222 | V94: 0.38680556 | W94: 0.65972222 | X94: 0.3875 | Y94: 0.65347222 | Z94: 0.38472222 | AA94: 0.65972222 | AB94: J | AC94: J | AD94: J | AE94: J | AF94: 0.39930556 | AH94: 0.39027778 | AI94: 0.64236111 | AJ94: 0.39097222 | AK94: 0.71180556 | AL94: 0.39305556 | AM94: 0.64513889 | AN94: 0.38958333 | AO94: 0.64583333 | AP94: J | AQ94: J | AR94: J | AS94: J | AT94: 0.39027778 | AU94: 0.14861111 | AV94: 0.39861111 | AW94: 0.15347222 | AZ94: J | BA94: J | BB94: 0.41388889 | BC94: 0.16875 | BH94: 0.38958333 | BI94: 0.15833333 | BJ94: 0.48472222 | BK94: 0.16041667 | BL94: 0.40347222
A95: GRUPO BALBROS | B95: ABIGAIL HERNANDEZ | C95: EVOLUTION | D95: J | E95: J | F95: J | G95: J | H95: J | I95: J | J95: J | K95: J | L95: J | M95: J | N95: J | O95: J | P95: J | Q95: J | S95: 0.66041667 | V95: 0.4 | Z95: 0.40208333 | AA95: 0.67777778 | AB95: J | AC95: J | AD95: J | AE95: J | AF95: 0.40555556 | AH95: 0.46041667 | AI95: 0.67986111 | AL95: 0.40763889 | AM95: 0.66319444 | AP95: J | AQ95: J | AR95: J | AS95: J | AT95: 0.40833333 | AU95: 0.15138889 | AV95: 0.42291667 | AW95: 0.15347222 | AZ95: J | BA95: J | BJ95: 0.42638889 | BK95: 0.15069444
A96: GRUPO BALBROS | B96: ABIGAIL HERNANDEZ | C96: LA TEJA | D96: J | E96: J | F96: J | G96: J | H96: J | I96: J | J96: J | K96: J | L96: J | M96: J | N96: J | O96: J | P96: J | Q96: J | S96: 0.66875 | T96: 0.44166667 | U96: 0.66458333 | X96: 0.43680556 | Y96: 0.66180556 | AB96: J | AC96: J | AD96: J | AE96: J | AJ96: 0.44375 | AK96: 0.64236111 | AN96: 0.40902778 | AO96: 0.64861111 | AP96: J | AQ96: J | AR96: J | AS96: J | AX96: 10:50:00_x000D_ | AZ96: J | BA96: J | BB96: 0.42222222 | BL96: 0.44375
A97: GRUPO BALBROS | B97: CLAUDIA RUIZ | C97: QUERETARO PARK I | D97: J | E97: J | F97: J | G97: J | H97: J | I97: J | J97: J | K97: J | L97: J | M97: J | N97: J | O97: J | P97: J | Q97: J | S97: 0.66875 | T97: 0.33958333 | U97: 0.7875 | V97: 0.34861111 | W97: 0.75763889 | X97: 0.36180556 | Y97: 0.70208333 | AA97: 0.72569444 | AB97: J | AC97: J | AD97: J | AE97: J | AI97: 0.72708333 | AK97: 0.73541667 | AL97: 0.44236111 | AN97: 0.39166667 | AO97: 0.74583333 | AP97: J | AQ97: J | AR97: J | AS97: J | AT97: 0.42708333 | AU97: 0.21736111 | AV97: 0.43194444 | AW97: 0.25486111 | AX97: 10:41:00_x000D_ | AZ97: J | BA97: J | BB97: 0.44930556 | BC97: 5:32:00_x000D_ | BH97: 0.43333333 | BI97: 0.20902778 | BJ97: 0.42916667 | BL97: 0.44930556
A98: GRUPO BALBROS | B98: LUIS ALVAREZ | C98: QUERETARO PARK II | D98: J | E98: J | F98: J | G98: J | H98: J | I98: J | J98: J | K98: J | L98: J | M98: J | N98: J | O98: J | P98: J | Q98: J | R98: 0.44652778 | S98: 0.73958333 | T98: 0.3875 | U98: 0.65694444 | V98: 0.40069444 | AB98: J | AC98: J | AD98: J | AE98: J | AF98: 0.44236111 | AG98: 0.74375 | AI98: 0.71319444 | AJ98: 0.45486111 | AP98: J | AQ98: J | AR98: J | AS98: J | AT98: 0.43333333 | AV98: 0.44097222 | AW98: 0.18333333 | AX98: 11:07:00_x000D_ | AZ98: J | BA98: J | BB98: 10:45:00_x000D_ | BJ98: 0.47291667 | BK98: 0.22777778

Sheet DICIEMBRE 2025
B2: 20 DIAS | D2: DICIEMBRE | J2: 2025
B3: REGION | C3: ADMINISTRADOR | D3: UNIDAD DE NEGOCIO | E3: M | F3: % | G3: V | H3: % | I3: TOTAL | J3: CUMPLIMINETO
B4: R1 | C4: ALFREDO OLVERA | D4: AZCAPOPARK | E4: 19 | F4: =E4/20 -> 0.95 | G4: 16 | H4: =G4/20 -> 0.8 | I4: =E4+G4 -> 35 | J4: =I4/40 -> 0.875
B5: R1 | C5: ALFREDO OLVERA | D5: VALLEJO PARK | E5: 3 | F5: =E5/20 -> 0.15 | G5: 0 | H5: =G5/20 -> 0 | I5: =E5+G5 -> 3 | J5: =I5/40 -> 0.075
B6: R1 | C6: MARTIN BAUME | D6: GB | E6: 17 | F6: =E6/20 -> 0.85 | G6: 11 | H6: =G6/20 -> 0.55 | I6: =E6+G6 -> 28 | J6: =I6/40 -> 0.7
B7: R1 | C7: MARTIN BAUME | D7: CEYLAN | E7: 4 | F7: =E7/20 -> 0.2 | G7: 0 | H7: =G7/20 -> 0 | I7: =E7+G7 -> 4 | J7: =I7/40 -> 0.1
B8: R1 | C8: MARTIN BAUME | D8: 100 METROS | E8: 1 | F8: =E8/20 -> 0.05 | G8: 0 | H8: =G8/20 -> 0 | I8: =E8+G8 -> 1 | J8: =I8/40 -> 0.025
B9: R1 | C9: MARTIN BAUME | D9: PINO | E9: 0 | F9: =E9/20 -> 0 | G9: 0 | H9: =G9/20 -> 0 | I9: =E9+G9 -> 0 | J9: =I9/40 -> 0
B10: R1 | C10: MARTIN BAUME | D10: VALLEJO 1746 | E10: 0 | F10: =E10/20 -> 0 | G10: 0 | H10: =G10/20 -> 0 | I10: =E10+G10 -> 0 | J10: =I10/40 -> 0
B11: R1 | C11: JAIR ABRAHAM GONZALEZ | D11: TLANE PARK III | E11: 19 | F11: =E11/20 -> 0.95 | G11: 18 | H11: =G11/20 -> 0.9 | I11: =E11+G11 -> 37 | J11: =I11/40 -> 0.925
B12: R1 | C12: JAIR ABRAHAM GONZALEZ | D12: VIA MORELOS | E12: 1 | F12: =E12/20 -> 0.05 | G12: 0 | H12: =G12/20 -> 0 | I12: =E12+G12 -> 1 | J12: =I12/40 -> 0.025
B13: R1 | C13: JAIR ABRAHAM GONZALEZ | D13: TLANE PARK V | E13: 0 | F13: =E13/20 -> 0 | G13: 0 | H13: =G13/20 -> 0 | I13: =E13+G13 -> 0 | J13: =I13/40 -> 0
B14: R1 | C14: JAIR ABRAHAM GONZALEZ | D14: VALLEJO 2000 | E14: 0 | F14: =E14/20 -> 0 | G14: 0 | H14: =G14/20 -> 0 | I14: =E14+G14 -> 0 | J14: =I14/40 -> 0
B15: R1 | C15: JAIR ABRAHAM GONZALEZ | D15: LA PRESA | E15: 0 | F15: =E15/20 -> 0 | G15: 0 | H15: =G15/20 -> 0 | I15: =E15+G15 -> 0 | J15: =I15/40 -> 0
... B19: R1 | C19: GEOVANI PEÑA | D19: IZTAPALAPA | E19: 0 | F19: =E19/20 -> 0 | G19: 0 | H19: =G19/20 -> 0 | I19: =E19+G19 -> 0 | J19: =I19/40 -> 0
B20: R2 | C20: OMAR SANCHEZ | D20: TULTI PARK I | F20: =E20/20 -> 0 | G20: 16 | H20: =G20/20 -> 0.8 | I20: =E20+G20 -> 16 | J20: =I20/40 -> 0.4
B21: R2 | C21: ARTURO ESPINOSA | D21: JAMES WATT | E21: 19 | F21: =E21/20 -> 0.95 | G21: 19 | H21: =G21/20 -> 0.95 | I21: =E21+G21 -> 38 | J21: =I21/40 -> 0.95
B22: R2 | C22: ARTURO VALERIO | D22: LA PALMA | E22: 9 | F22: =E22/20 -> 0.45 | G22: 8 | H22: =G22/20 -> 0.4 | I22: =E22+G22 -> 17 | J22: =I22/40 -> 0.425
B23: R2 | C23: ARTURO VALERIO | D23: LA JOYA I Y II | E23: 6 | F23: =E23/20 -> 0.3 | G23: 4 | H23: =G23/20 -> 0.2 | I23: =E23+G23 -> 10 | J23: =I23/40 -> 0.25
B24: R2 | C24: ARTURO VALERIO | D24: LA JOYA III | E24: 3 | F24: =E24/20 -> 0.15 | G24: 2 | H24: =G24/20 -> 0.1 | I24: =E24+G24 -> 5 | J24: =I24/40 -> 0.125
B25: R2 | C25: ARTURO VALERIO | D25: LA JOYA IV | E25: 0 | F25: =E25/20 -> 0 | G25: 0 | H25: =G25/20 -> 0 | I25: =E25+G25 -> 0 | J25: =I25/40 -> 0
B26: R2 | C26: ARTURO VALERIO | D26: LA JOYA V | E26: 0 | F26: =E26/20 -> 0 | G26: 0 | H26: =G26/20 -> 0 | I26: =E26+G26 -> 0 | J26: =I26/40 -> 0
B27: R2 | C27: ARTURO VALERIO | D27: DIAMANTE | E27: 0 | F27: =E27/20 -> 0 | G27: 0 | H27: =G27/20 -> 0 | I27: =E27+G27 -> 0 | J27: =I27/40 -> 0
B28: R2 | C28: ARTURO VALERIO | D28: PUMA | E28: 1 | F28: =E28/20 -> 0.05 | G28: 0 | H28: =G28/20 -> 0 | I28: =E28+G28 -> 1 | J28: =I28/40 -> 0.025
B29: R2 | C29: MONSERRAT ESQUIVEL | D29: TULTITLAN I | E29: 19 | F29: =E29/20 -> 0.95 | G29: 15 | H29: =G29/20 -> 0.75 | I29: =E29+G29 -> 34 | J29: =I29/40 -> 0.85
B30: R2 | C30: RAFAEL PONCE | D30: TULTITLAN II | E30: 19 | F30: =E30/20 -> 0.95 | G30: 18 | H30: =G30/20 -> 0.9 | I30: =E30+G30 -> 37 | J30: =I30/40 -> 0.925
B31: R3 | C31: CARLOS A. CARRILLO | D31: TULTI PARK II | E31: 20 | F31: =E31/20 -> 1 | G31: 20 | H31: =G31/20 -> 1 | I31: =E31+G31 -> 40 | J31: =I31/40 -> 1
B32: R3 | C32: IVAN GONZALEZ | D32: TULTI PARK III | E32: 18 | F32: =E32/20 -> 0.9 | G32: 17 | H32: =G32/20 -> 0.85 | I32: =E32+G32 -> 35 | J32: =I32/40 -> 0.875
... B90: R10 | C90: PAOLA N. PERALTA | D90: CANCÚN PARK | E90: 20 | F90: =E90/20 -> 1 | G90: 17 | H90: =G90/20 -> 0.85 | I90: =E90+G90 -> 37 | J90: =I90/40 -> 0.925
B91: GRUPO BALBROS | C91: ADRIANA GARZÓN | D91: MICROPARKS CARTAGENA | E91: 5 | F91: =E91/15 -> 0.33333333 | G91: 6 | H91: =G91/15 -> 0.4 | I91: =E91+G91 -> 11 | J91: =I91/40 -> 0.275
B92: GRUPO BALBROS | C92: ADRIANA GARZÓN | D92: MICROPARKS TULTE I | E92: 5 | F92: =E92/15 -> 0.33333333 | G92: 1 | H92: =G92/15 -> 0.066666667 | I92: =E92+G92 -> 6 | J92: =I92/40 -> 0.15
B93: GRUPO BALBROS | C93: ADRIANA GARZÓN | D93: MICROPARKS TULTE II | E93: 5 | F93: =E93/15 -> 0.33333333 | G93: 5 | H93: =G93/15 -> 0.33333333 | I93: =E93+G93 -> 10 | J93: =I93/40 -> 0.25
B94: GRUPO BALBROS | C94: SEBASTIÁN ROMERO | D94: MICROPARK TULTE III | E94: 15 | F94: =E94/15 -> 1 | G94: 14 | H94: =G94/15 -> 0.93333333 | I94: =E94+G94 -> 29 | J94: =I94/40 -> 0.725
B95: GRUPO BALBROS | C95: ABIGAIL HERNANDEZ | D95: EVOLUTION | E95: 5 | F95: =E95/15 -> 0.33333333 | G95: 7 | H95: =G95/15 -> 0.46666667 | I95: =E95+G95 -> 12 | J95: =I95/40 -> 0.3
B96: GRUPO BALBROS | C96: ABIGAIL HERNANDEZ | D96: LA TEJA | E96: 7 | F96: =E96/15 -> 0.46666667 | G96: 5 | H96: =G96/15 -> 0.33333333 | I96: =E96+G96 -> 12 | J96: =I96/40 -> 0.3
B97: GRUPO BALBROS | C97: CLAUDIA RUIZ | D97: QUERETARO PARK I | E97: 12 | F97: =E97/15 -> 0.8 | G97: 12 | H97: =G97/15 -> 0.8 | I97: =E97+G97 -> 24 | J97: =I97/40 -> 0.6
B98: GRUPO BALBROS | C98: LUIS ALVAREZ | D98: QUERETARO PARK II | E98: 10 | F98: =E98/15 -> 0.66666667 | G98: 6 | H98: =G98/15 -> 0.4 | I98: =E98+G98 -> 16 | J98: =I98/40 -> 0.4

Sheet ENERO 2026
B2: 21 DIAS | D2: ENERO | J2: 2026
B3: REGION | C3: ADMINISTRADOR | D3: UNIDAD DE NEGOCIO | E3: M | F3: % | G3: V | H3: % | I3: TOTAL | J3: CUMPLIMINETO
B4: R1 | C4: ALFREDO OLVERA | D4: AZCAPOPARK | E4: 12 | G4: 13 | J4: =I4/40 -> 0
B5: R1 | C5: ALFREDO OLVERA | D5: VALLEJO PARK | E5: 5 | G5: 6 | J5: =I5/40 -> 0
B6: R1 | C6: MARTIN BAUME | D6: GB | E6: 12 | G6: 13 | J6: =I6/40 -> 0
B7: R1 | C7: MARTIN BAUME | D7: CEYLAN | E7: 6 | G7: 5 | J7: =I7/40 -> 0
B8: R1 | C8: MARTIN BAUME | D8: 100 METROS | E8: 0 | G8: 0 | J8: =I8/40 -> 0
B9: R1 | C9: MARTIN BAUME | D9: PINO | E9: 0 | G9: 0 | J9: =I9/40 -> 0
B10: R1 | C10: MARTIN BAUME | D10: VALLEJO 1746 | E10: 0 | G10: 0 | J10: =I10/40 -> 0
B11: R1 | C11: JAIR ABRAHAM GONZALEZ | D11: TLANE PARK III | E11: 15 | G11: 17 | J11: =I11/40 -> 0
B12: R1 | C12: JAIR ABRAHAM GONZALEZ | D12: VIA MORELOS | E12: 2 | G12: 0 | J12: =I12/40 -> 0
B13: R1 | C13: JAIR ABRAHAM GONZALEZ | D13: TLANE PARK V | E13: 0 | G13: 0 | J13: =I13/40 -> 0
B14: R1 | C14: JAIR ABRAHAM GONZALEZ | D14: VALLEJO 2000 | E14: 0 | G14: 0 | J14: =I14/40 -> 0
B15: R1 | C15: JAIR ABRAHAM GONZALEZ | D15: LA PRESA | E15: 0 | G15: 0 | J15: =I15/40 -> 0
... B24: R2 | C24: ARTURO VALERIO | D24: LA JOYA III | E24: 2 | G24: 3 | J24: =I24/40 -> 0
B25: R2 | C25: ARTURO VALERIO | D25: LA JOYA IV | J25: =I25/40 -> 0
B26: R2 | C26: ARTURO VALERIO | D26: LA JOYA V | J26: =I26/40 -> 0
B27: R2 | C27: ARTURO VALERIO | D27: DIAMANTE | G27: 1 | J27: =I27/40 -> 0
B28: R2 | C28: ARTURO VALERIO | D28: PUMA | E28: 1 | J28: =I28/40 -> 0
B29: R2 | C29: MONSERRAT ESQUIVEL | D29: TULTITLAN I | E29: 18 | G29: 17 | J29: =I29/40 -> 0
B30: R2 | C30: RAFAEL PONCE | D30: TULTITLAN II | E30: 16 | G30: 14 | J30: =I30/40 -> 0
B31: R3 | C31: CARLOS A. CARRILLO | D31: TULTI PARK II | E31: 18 | G31: 18 | J31: =I31/40 -> 0
B32: R3 | C32: IVAN GONZALEZ | D32: TULTI PARK III | E32: 18 | G32: 18 | J32: =I32/40 -> 0
B33: R3 | C33: ANDREA F. MIRANDA | D33: TULTI PARK IV | E33: 18 | G33: 18 | J33: =I33/40 -> 0
B34: R3 | C34: ANDREA F. MIRANDA | D34: COACALCO | E34: 1 | G34: 0 | J34: =I34/40 -> 0
B35: R3 | C35: MARCO A. CERVANTES | D35: MEXIQUENSE | E35: 18 | G35: 18 | J35: =I35/40 -> 0
B36: R3 | C36: MARCO A. CERVANTES | D36: COACALCO II | E36: 3 | G36: 1
B37: R3 | C37: PAOLA S. ANSELMO | D37: TULTE PARK | E37: 18 | G37: 18 | J37: =I37/40 -> 0
B38: R4 | C38: JESUS BECERRA | D38: LAGO I | E38: 0 | G38: 0 | J38: =I38/40 -> 0
B39: R4 | C39: JESUS BECERRA | D39: LAGO II | E39: 18 | G39: 17 | J39: =I39/40 -> 0
B40: R4 | C40: EDGAR S. MARQUEZ | D40: LAGO III | E40: 6 | G40: 5 | J40: =I40/40 -> 0
B41: R4 | C41: EDGAR S. MARQUEZ | D41: FUNO CENTER | E41: 10 | G41: 10 | J41: =I41/40 -> 0
B42: R4 | C42: ANTONIO MARTINEZ | D42: SMO I | E42: 17 | G42: 18 | J42: =I42/40 -> 0
B43: R4 | C43: ANTONIO MARTINEZ | D43: SMO II | E43: 16 | G43: 14 | J43: =I43/40 -> 0
B44: R4 | C44: GERARDO ALONSO | D44: SMO III | E44: 16 | G44: 14 | J44: =I44/40 -> 0
B45: R4 | C45: JULIO CESAR NERI | D45: TLANE PARK IV/ BARRIENTOS II | E45: 18 | G45: 18 | J45: =I45/40 -> 0
B46: R4 | C46: JOSUE GUADARRAMA | D46: ATIZAPAN PARK | E46: 18 | G46: 18 | J46: =I46/40 -> 0
B47: R5 | C47: JUAN C. HERNANDEZ | D47: TEPOZOTLAN PARK | E47: 16 | G47: 17 | J47: =I47/40 -> 0
B48: R5 | C48: JUAN C. HERNANDEZ | D48: TEPOZOTLAN (CONVENTO). | E48: 0 | G48: 0 | J48: =I48/40 -> 0
... B63: R6 | C63: ANA BRITO | D63: QUERETARO PARK III | E63: 12 | G63: 9 | J63: =I63/40 -> 0
B64: R6 | C64: ERIKA TREJO | D64: QUERETARO PARK IV | E64: 8 | J64: =I64/40 -> 0
B65: R6 | C65: MARIANO D. LORENZO | D65: QUERETARO PARK V | J65: =I65/40 -> 0
B66: R6 | C66: MARIANO D. LORENZO | D66: QUERETARO PARK VI | J66: =I66/40 -> 0
B67: R6 | C67: RODRIGO CERVANTES LUGO | D67: QUERETARO PARK VII | J67: =I67/40 -> 0
B68: R6 | C68: RODRIGO CERVANTES LUGO | D68: EL MARQUÉS | J68: =I68/40 -> 0
B69: R7 | C69: EMANUEL MARISCAL | D69: LERMA PARK | J69: =I69/40 -> 0
B70: R7 | C70: EMANUEL MARISCAL | D70: ESCATO | J70: =I70/40 -> 0
B71: R7 | C71: CHRISTAN E. MARQUEZ | D71: DOÑA ROSA | J71: =I71/40 -> 0
B72: R7 | C72: CHRISTAN E. MARQUEZ | D72: LERMA PARK II | J72: =I72/40 -> 0
B73: R7 | C73: OMAR HIDALGO | D73: POLARIS | J73: =I73/40 -> 0
B74: R7 | C74: NOE E. MARTINEZ | D74: MARAVILLAS | J74: =I74/40 -> 0
B75: R7 | C75: FERNANDO ROBLES | D75: TOLUCA PARK II (SANTIN) | J75: =I75/40 -> 0
B76: R7 | C76: RAUL MARISCAL | D76: TOLUCA PARK III (LA Y) | J76: =I76/40 -> 0
... B99: GRUPO BALBROS | C99: LUIS ALVAREZ | D99: QUERETARO PARK II | J99: =I99/40 -> 0

Sheet TOP FEBRERO 2026
A1: Región | B1: Administrador | C1: Unidad de Negocio | D1: 46054 | F1: 46055 | H1: 46056 | J1: 46057 | L1: 46058 | N1: 46059 | P1: 46060 | R1: 46061 | T1: 46062 | V1: 46063 | X1: 46064 | Z1: 46065 | AB1: 46066 | AD1: 46067 | AF1: 46068 | AH1: 46069 | AJ1: 46070 | AL1: 46071 | AN1: 46072 | AP1: 46073 | AR1: 46074 | AT1: 46075 | AV1: 46076 | AX1: 46077 | AZ1: 46078 | BB1: 46079 | BD1: 46080 | BF1: 46081 | BH1: MATUTINO | BI1: VESPERTINO | BJ1: SÁBADOS
D2: Mat | E2: Vesp | F2: Mat | G2: Vesp | H2: Mat | I2: Vesp | J2: Mat | K2: Vesp | L2: Mat | M2: Vesp | N2: Mat | O2: Vesp | P2: Mat | Q2: Vesp | R2: Mat | S2: Vesp | T2: Mat | U2: Vesp | V2: Mat | W2: Vesp | X2: Mat | Y2: Vesp | Z2: Mat | AA2: Vesp | AB2: Mat | AC2: Vesp | AD2: Mat | AE2: Vesp | AF2: Mat | AG2: Vesp | AH2: Mat | AI2: Vesp | AJ2: Mat | AK2: Vesp | AL2: Mat | AM2: Vesp | AN2: Mat | AO2: Vesp | AP2: Mat | AQ2: Vesp | AR2: Mat | AS2: Vesp | AT2: Mat | AU2: Vesp | AV2: Mat | AW2: Vesp | AX2: Mat | AY2: Vesp | AZ2: Mat | BA2: Vesp | BB2: Mat | BC2: Vesp | BD2: Mat | BE2: Vesp | BF2: Mat | BG2: Vesp | BH2: Total Matutinos (L-V) | BI2: Total Vespertinos (L-V) | BJ2: Sábados
A3: R1 | B3: ALFREDO OLVERA | C3: AZCAPOPARK | H3: 0.35694444 | J3: 0.35694444 | K3: 0.23958333 | L3: 0.35486111 | M3: 0.16736111 | N3: 0.35763889 | O3: 0.16736111 | P3: 0.35486111 | T3: 0.35486111 | U3: 0.16597222 | V3: 0.35694444 | W3: 0.16666667 | X3: 0.35763889 | Y3: 0.16805556 | AA3: 0.17361111 | AC3: 0.15069444 | AH3: 0.35694444 | AI3: 0.16666667 | AJ3: 0.35555556 | AK3: 0.19305556 | AL3: 0.35625 | AM3: 0.18125 | AN3: 0.35625 | AO3: 0.16041667 | AP3: 0.35486111 | AQ3: 0.16527778 | AV3: 0.35555556 | AW3: 0.18680556 | AX3: 0.35277778 | AZ3: 0.35694444 | BA3: 0.18472222 | BB3: 0.35555556 | BC3: 0.18263889 | BD3: 0.35902778 | BE3: 0.17916667 | BH3: =SUM(IF(AND(D3<>"",WEEKDAY(D$1,2)<6),1,0),IF(AND(F3<>"",WEEKDAY(F$1,2)<6),1,0),IF(AND(H3<>"",WEEKDAY(H$1,2)<6),1,0),IF(AND(J3<>"",WEEKDAY(J$1,2)<6),1,0),IF(AND(L3<>"",WEEKDAY(L$1,2)<6),1,0),IF(AND(N3<>"",WEEKDAY(N$1,2)<6),1,0),IF(AND(P3<>"",WEEKDAY(P$1,2)<6),1,0),IF(AND(R3<>"",WEEKDAY(R$1,2)<6),1,0),IF(AND(T3<>"",WEEKDAY(T$1,2)<6),1,0),IF(AND(V3<>"",WEEKDAY(V$1,2)<6),1,0),IF(AND(X3<>"",WEEKDAY(X$1,2)<6),1,0),IF(AND(Z3<>"",WEEKDAY(Z$1,2)<6),1,0),IF(AND(AB3<>"",WEEKDAY(AB$1,2)<6),1,0),IF(AND(AD3<>"",WEEKDAY(AD$1,2)<6),1,0),IF(AND(AF3<>"",WEEKDAY(AF$1,2)<6),1,0),IF(AND(AH3<>"",WEEKDAY(AH$1,2)<6),1,0),IF(AND(AJ3<>"",WEEKDAY(AJ$1,2)<6),1,0),IF(AND(AL3<>"",WEEKDAY(AL$1,2)<6),1,0),IF(AND(AN3<>"",WEEKDAY(AN$1,2)<6),1,0),IF(AND(AP3<>"",WEEKDAY(AP$1,2)<6),1,0),IF(AND(AR3<>"",WEEKDAY(AR$1,2)<6),1,0),IF(AND(AT3<>"",WEEKDAY(AT$1,2)<6),1,0),IF(AND(AV3<>"",WEEKDAY(AV$1,2)<6),1,0),IF(AND(AX3<>"",WEEKDAY(AX$1,2)<6),1,0),IF(AND(AZ3<>"",WEEKDAY(AZ$1,2)<6),1,0),IF(AND(BB3<>"",WEEKDAY(BB$1,2)<6),1,0),IF(AND(BD3<>"",WEEKDAY(BD$1,2)<6),1,0),IF(AND(BF3<>"",WEEKDAY(BF$1,2)<6),1,0)) -> 17 | BI3: =SUM(IF(AND(E3<>"",WEEKDAY(D$1,2)<6),1,0),IF(AND(G3<>"",WEEKDAY(F$1,2)<6),1,0),IF(AND(I3<>"",WEEKDAY(H$1,2)<6),1,0),IF(AND(K3<>"",WEEKDAY(J$1,2)<6),1,0),IF(AND(M3<>"",WEEKDAY(L$1,2)<6),1,0),IF(AND(O3<>"",WEEKDAY(N$1,2)<6),1,0),IF(AND(Q3<>"",WEEKDAY(P$1,2)<6),1,0),IF(AND(S3<>"",WEEKDAY(R$1,2)<6),1,0),IF(AND(U3<>"",WEEKDAY(T$1,2)<6),1,0),IF(AND(W3<>"",WEEKDAY(V$1,2)<6),1,0),IF(AND(Y3<>"",WEEKDAY(X$1,2)<6),1,0),IF(AND(AA3<>"",WEEKDAY(Z$1,2)<6),1,0),IF(AND(AC3<>"",WEEKDAY(AB$1,2)<6),1,0),IF(AND(AE3<>"",WEEKDAY(AD$1,2)<6),1,0),IF(AND(AG3<>"",WEEKDAY(AF$1,2)<6),1,0),IF(AND(AI3<>"",WEEKDAY(AH$1,2)<6),1,0),IF(AND(AK3<>"",WEEKDAY(AJ$1,2)<6),1,0),IF(AND(AM3<>"",WEEKDAY(AL$1,2)<6),1,0),IF(AND(AO3<>"",WEEKDAY(AN$1,2)<6),1,0),IF(AND(AQ3<>"",WEEKDAY(AP$1,2)<6),1,0),IF(AND(AS3<>"",WEEKDAY(AR$1,2)<6),1,0),IF(AND(AU3<>"",WEEKDAY(AT$1,2)<6),1,0),IF(AND(AW3<>"",WEEKDAY(AV$1,2)<6),1,0),IF(AND(AY3<>"",WEEKDAY(AX$1,2)<6),1,0),IF(AND(BA3<>"",WEEKDAY(AZ$1,2)<6),1,0),IF(AND(BC3<>"",WEEKDAY(BB$1,2)<6),1,0),IF(AND(BE3<>"",WEEKDAY(BD$1,2)<6),1,0),IF(AND(BG3<>"",WEEKDAY(BF$1,2)<6),1,0)) -> 17 | BJ3: =SUM(IF(AND((D3<>"" )+(E3<>""),WEEKDAY(D$1,2)=6),1,0),IF(AND((F3<>"" )+(G3<>""),WEEKDAY(F$1,2)=6),1,0),IF(AND((H3<>"" )+(I3<>""),WEEKDAY(H$1,2)=6),1,0),IF(AND((J3<>"" )+(K3<>""),WEEKDAY(J$1,2)=6),1,0),IF(AND((L3<>"" )+(M3<>""),WEEKDAY(L$1,2)=6),1,0),IF(AND((N3<>"" )+(O3<>""),WEEKDAY(N$1,2)=6),1,0),IF(AND((P3<>"" )+(Q3<>""),WEEKDAY(P$1,2)=6),1,0),IF(AND((R3<>"" )+(S3<>""),WEEKDAY(R$1,2)=6),1,0),IF(AND((T3<>"" )+(U3<>""),WEEKDAY(T$1,2)=6),1,0),IF(AND((V3<>"" )+(W3<>""),WEEKDAY(V$1,2)=6),1,0),IF(AND((X3<>"" )+(Y3<>""),WEEKDAY(X$1,2)=6),1,0),IF(AND((Z3<>"" )+(AA3<>""),WEEKDAY(Z$1,2)=6),1,0),IF(AND((AB3<>"" )+(AC3<>""),WEEKDAY(AB$1,2)=6),1,0),IF(AND((AD3<>"" )+(AE3<>""),WEEKDAY(AD$1,2)=6),1,0),IF(AND((AF3<>"" )+(AG3<>""),WEEKDAY(AF$1,2)=6),1,0),IF(AND((AH3<>"" )+(AI3<>""),WEEKDAY(AH$1,2)=6),1,0),IF(AND((AJ3<>"" )+(AK3<>""),WEEKDAY(AJ$1,2)=6),1,0),IF(AND((AL3<>"" )+(AM3<>""),WEEKDAY(AL$1,2)=6),1,0),IF(AND((AN3<>"" )+(AO3<>""),WEEKDAY(AN$1,2)=6),1,0),IF(AND((AP3<>"" )+(AQ3<>""),WEEKDAY(AP$1,2)=6),1,0),IF(AND((AR3<>"" )+(AS3<>""),WEEKDAY(AR$1,2)=6),1,0),IF(AND((AT3<>"" )+(AU3<>""),WEEKDAY(AT$1,2)=6),1,0),IF(AND((AV3<>"" )+(AW3<>""),WEEKDAY(AV$1,2)=6),1,0),IF(AND((AX3<>"" )+(AY3<>""),WEEKDAY(AX$1,2)=6),1,0),IF(AND((AZ3<>"" )+(BA3<>""),WEEKDAY(AZ$1,2)=6),1,0),IF(AND((BB3<>"" )+(BC3<>""),WEEKDAY(BB$1,2)=6),1,0),IF(AND((BD3<>"" )+(BE3<>""),WEEKDAY(BD$1,2)=6),1,0),IF(AND((BF3<>"" )+(BG3<>""),WEEKDAY(BF$1,2)=6),1,0)) -> 1
A4: R1 | B4: ALFREDO OLVERA | C4: VALLEJO PARK | Z4: 0.35625 | AB4: 0.35277778 | AR4: 0.35902778 | AS4: 0.53958333 | BH4: =SUM(IF(AND(D4<>"",WEEKDAY(D$1,2)<6),1,0),IF(AND(F4<>"",WEEKDAY(F$1,2)<6),1,0),IF(AND(H4<>"",WEEKDAY(H$1,2)<6),1,0),IF(AND(J4<>"",WEEKDAY(J$1,2)<6),1,0),IF(AND(L4<>"",WEEKDAY(L$1,2)<6),1,0),IF(AND(N4<>"",WEEKDAY(N$1,2)<6),1,0),IF(AND(P4<>"",WEEKDAY(P$1,2)<6),1,0),IF(AND(R4<>"",WEEKDAY(R$1,2)<6),1,0),IF(AND(T4<>"",WEEKDAY(T$1,2)<6),1,0),IF(AND(V4<>"",WEEKDAY(V$1,2)<6),1,0),IF(AND(X4<>"",WEEKDAY(X$1,2)<6),1,0),IF(AND(Z4<>"",WEEKDAY(Z$1,2)<6),1,0),IF(AND(AB4<>"",WEEKDAY(AB$1,2)<6),1,0),IF(AND(AD4<>"",WEEKDAY(AD$1,2)<6),1,0),IF(AND(AF4<>"",WEEKDAY(AF$1,2)<6),1,0),IF(AND(AH4<>"",WEEKDAY(AH$1,2)<6),1,0),IF(AND(AJ4<>"",WEEKDAY(AJ$1,2)<6),1,0),IF(AND(AL4<>"",WEEKDAY(AL$1,2)<6),1,0),IF(AND(AN4<>"",WEEKDAY(AN$1,2)<6),1,0),IF(AND(AP4<>"",WEEKDAY(AP$1,2)<6),1,0),IF(AND(AR4<>"",WEEKDAY(AR$1,2)<6),1,0),IF(AND(AT4<>"",WEEKDAY(AT$1,2)<6),1,0),IF(AND(AV4<>"",WEEKDAY(AV$1,2)<6),1,0),IF(AND(AX4<>"",WEEKDAY(AX$1,2)<6),1,0),IF(AND(AZ4<>"",WEEKDAY(AZ$1,2)<6),1,0),IF(AND(BB4<>"",WEEKDAY(BB$1,2)<6),1,0),IF(AND(BD4<>"",WEEKDAY(BD$1,2)<6),1,0),IF(AND(BF4<>"",WEEKDAY(BF$1,2)<6),1,0)) -> 2 | BI4: =SUM(IF(AND(E4<>"",WEEKDAY(D$1,2)<6),1,0),IF(AND(G4<>"",WEEKDAY(F$1,2)<6),1,0),IF(AND(I4<>"",WEEKDAY(H$1,2)<6),1,0),IF(AND(K4<>"",WEEKDAY(J$1,2)<6),1,0),IF(AND(M4<>"",WEEKDAY(L$1,2)<6),1,0),IF(AND(O4<>"",WEEKDAY(N$1,2)<6),1,0),IF(AND(Q4<>"",WEEKDAY(P$1,2)<6),1,0),IF(AND(S4<>"",WEEKDAY(R$1,2)<6),1,0),IF(AND(U4<>"",WEEKDAY(T$1,2)<6),1,0),IF(AND(W4<>"",WEEKDAY(V$1,2)<6),1,0),IF(AND(Y4<>"",WEEKDAY(X$1,2)<6),1,0),IF(AND(AA4<>"",WEEKDAY(Z$1,2)<6),1,0),IF(AND(AC4<>"",WEEKDAY(AB$1,2)<6),1,0),IF(AND(AE4<>"",WEEKDAY(AD$1,2)<6),1,0),IF(AND(AG4<>"",WEEKDAY(AF$1,2)<6),1,0),IF(AND(AI4<>"",WEEKDAY(AH$1,2)<6),1,0),IF(AND(AK4<>"",WEEKDAY(AJ$1,2)<6),1,0),IF(AND(AM4<>"",WEEKDAY(AL$1,2)<6),1,0),IF(AND(AO4<>"",WEEKDAY(AN$1,2)<6),1,0),IF(AND(AQ4<>"",WEEKDAY(AP$1,2)<6),1,0),IF(AND(AS4<>"",WEEKDAY(AR$1,2)<6),1,0),IF(AND(AU4<>"",WEEKDAY(AT$1,2)<6),1,0),IF(AND(AW4<>"",WEEKDAY(AV$1,2)<6),1,0),IF(AND(AY4<>"",WEEKDAY(AX$1,2)<6),1,0),IF(AND(BA4<>"",WEEKDAY(AZ$1,2)<6),1,0),IF(AND(BC4<>"",WEEKDAY(BB$1,2)<6),1,0),IF(AND(BE4<>"",WEEKDAY(BD$1,2)<6),1,0),IF(AND(BG4<>"",WEEKDAY(BF$1,2)<6),1,0)) -> 0 | BJ4: =SUM(IF(AND((D4<>"" )+(E4<>""),WEEKDAY(D$1,2)=6),1,0),IF(AND((F4<>"" )+(G4<>""),WEEKDAY(F$1,2)=6),1,0),IF(AND((H4<>"" )+(I4<>""),WEEKDAY(H$1,2)=6),1,0),IF(AND((J4<>"" )+(K4<>""),WEEKDAY(J$1,2)=6),1,0),IF(AND((L4<>"" )+(M4<>""),WEEKDAY(L$1,2)=6),1,0),IF(AND((N4<>"" )+(O4<>""),WEEKDAY(N$1,2)=6),1,0),IF(AND((P4<>"" )+(Q4<>""),WEEKDAY(P$1,2)=6),1,0),IF(AND((R4<>"" )+(S4<>""),WEEKDAY(R$1,2)=6),1,0),IF(AND((T4<>"" )+(U4<>""),WEEKDAY(T$1,2)=6),1,0),IF(AND((V4<>"" )+(W4<>""),WEEKDAY(V$1,2)=6),1,0),IF(AND((X4<>"" )+(Y4<>""),WEEKDAY(X$1,2)=6),1,0),IF(AND((Z4<>"" )+(AA4<>""),WEEKDAY(Z$1,2)=6),1,0),IF(AND((AB4<>"" )+(AC4<>""),WEEKDAY(AB$1,2)=6),1,0),IF(AND((AD4<>"" )+(AE4<>""),WEEKDAY(AD$1,2)=6),1,0),IF(AND((AF4<>"" )+(AG4<>""),WEEKDAY(AF$1,2)=6),1,0),IF(AND((AH4<>"" )+(AI4<>""),WEEKDAY(AH$1,2)=6),1,0),IF(AND((AJ4<>"" )+(AK4<>""),WEEKDAY(AJ$1,2)=6),1,0),IF(AND((AL4<>"" )+(AM4<>""),WEEKDAY(AL$1,2)=6),1,0),IF(AND((AN4<>"" )+(AO4<>""),WEEKDAY(AN$1,2)=6),1,0),IF(AND((AP4<>"" )+(AQ4<>""),WEEKDAY(AP$1,2)=6),1,0),IF(AND((AR4<>"" )+(AS4<>""),WEEKDAY(AR$1,2)=6),1,0),IF(AND((AT4<>"" )+(AU4<>""),WEEKDAY(AT$1,2)=6),1,0),IF(AND((AV4<>"" )+(AW4<>""),WEEKDAY(AV$1,2)=6),1,0),IF(AND((AX4<>"" )+(AY4<>""),WEEKDAY(AX$1,2)=6),1,0),IF(AND((AZ4<>"" )+(BA4<>""),WEEKDAY(AZ$1,2)=6),1,0),IF(AND((BB4<>"" )+(BC4<>""),WEEKDAY(BB$1,2)=6),1,0),IF(AND((BD4<>"" )+(BE4<>""),WEEKDAY(BD$1,2)=6),1,0),IF(AND((BF4<>"" )+(BG4<>""),WEEKDAY(BF$1,2)=6),1,0)) -> 1
A5: R1 | B5: MARTIN BAUME | C5: GB | H5: 0.35555556 | J5: 0.35347222 | K5: 0.16666667 | L5: 0.35833333 | M5: 0.18611111 | N5: 0.36458333 | O5: 0.17777778 | P5: 0.34930556 | T5: 0.35486111 | U5: 0.15763889 | V5: 0.35277778 | W5: 0.14375 | Y5: 0.2 | Z5: 0.36111111 | AA5: 0.16597222 | AB5: 0.35555556 | AC5: 0.16180556 | AH5: 0.35347222 | AI5: 0.19027778 | AJ5: 0.34861111 | AK5: 0.16041667 | AL5: 0.36180556 | AM5: 0.13611111 | AN5: 0.34791667 | AO5: 0.175 | AP5: 0.34930556 | AQ5: 0.19583333 | AR5: 0.34513889 | AV5: 0.33611111 | AW5: 0.14791667 | AX5: 0.35625 | BA5: 0.15277778 | BD5: 0.38333333 | BE5: 0.19722222 | BH5: =SUM(IF(AND(D5<>"",WEEKDAY(D$1,2)<6),1,0),IF(AND(F5<>"",WEEKDAY(F$1,2)<6),1,0),IF(AND(H5<>"",WEEKDAY(H$1,2)<6),1,0),IF(AND(J5<>"",WEEKDAY(J$1,2)<6),1,0),IF(AND(L5<>"",WEEKDAY(L$1,2)<6),1,0),IF(AND(N5<>"",WEEKDAY(N$1,2)<6),1,0),IF(AND(P5<>"",WEEKDAY(P$1,2)<6),1,0),IF(AND(R5<>"",WEEKDAY(R$1,2)<6),1,0),IF(AND(T5<>"",WEEKDAY(T$1,2)<6),1,0),IF(AND(V5<>"",WEEKDAY(V$1,2)<6),1,0),IF(AND(X5<>"",WEEKDAY(X$1,2)<6),1,0),IF(AND(Z5<>"",WEEKDAY(Z$1,2)<6),1,0),IF(AND(AB5<>"",WEEKDAY(AB$1,2)<6),1,0),IF(AND(AD5<>"",WEEKDAY(AD$1,2)<6),1,0),IF(AND(AF5<>"",WEEKDAY(AF$1,2)<6),1,0),IF(AND(AH5<>"",WEEKDAY(AH$1,2)<6),1,0),IF(AND(AJ5<>"",WEEKDAY(AJ$1,2)<6),1,0),IF(AND(AL5<>"",WEEKDAY(AL$1,2)<6),1,0),IF(AND(AN5<>"",WEEKDAY(AN$1,2)<6),1,0),IF(AND(AP5<>"",WEEKDAY(AP$1,2)<6),1,0),IF(AND(AR5<>"",WEEKDAY(AR$1,2)<6),1,0),IF(AND(AT5<>"",WEEKDAY(AT$1,2)<6),1,0),IF(AND(AV5<>"",WEEKDAY(AV$1,2)<6),1,0),IF(AND(AX5<>"",WEEKDAY(AX$1,2)<6),1,0),IF(AND(AZ5<>"",WEEKDAY(AZ$1,2)<6),1,0),IF(AND(BB5<>"",WEEKDAY(BB$1,2)<6),1,0),IF(AND(BD5<>"",WEEKDAY(BD$1,2)<6),1,0),IF(AND(BF5<>"",WEEKDAY(BF$1,2)<6),1,0)) -> 16 | BI5: =SUM(IF(AND(E5<>"",WEEKDAY(D$1,2)<6),1,0),IF(AND(G5<>"",WEEKDAY(F$1,2)<6),1,0),IF(AND(I5<>"",WEEKDAY(H$1,2)<6),1,0),IF(AND(K5<>"",WEEKDAY(J$1,2)<6),1,0),IF(AND(M5<>"",WEEKDAY(L$1,2)<6),1,0),IF(AND(O5<>"",WEEKDAY(N$1,2)<6),1,0),IF(AND(Q5<>"",WEEKDAY(P$1,2)<6),1,0),IF(AND(S5<>"",WEEKDAY(R$1,2)<6),1,0),IF(AND(U5<>"",WEEKDAY(T$1,2)<6),1,0),IF(AND(W5<>"",WEEKDAY(V$1,2)<6),1,0),IF(AND(Y5<>"",WEEKDAY(X$1,2)<6),1,0),IF(AND(AA5<>"",WEEKDAY(Z$1,2)<6),1,0),IF(AND(AC5<>"",WEEKDAY(AB$1,2)<6),1,0),IF(AND(AE5<>"",WEEKDAY(AD$1,2)<6),1,0),IF(AND(AG5<>"",WEEKDAY(AF$1,2)<6),1,0),IF(AND(AI5<>"",WEEKDAY(AH$1,2)<6),1,0),IF(AND(AK5<>"",WEEKDAY(AJ$1,2)<6),1,0),IF(AND(AM5<>"",WEEKDAY(AL$1,2)<6),1,0),IF(AND(AO5<>"",WEEKDAY(AN$1,2)<6),1,0),IF(AND(AQ5<>"",WEEKDAY(AP$1,2)<6),1,0),IF(AND(AS5<>"",WEEKDAY(AR$1,2)<6),1,0),IF(AND(AU5<>"",WEEKDAY(AT$1,2)<6),1,0),IF(AND(AW5<>"",WEEKDAY(AV$1,2)<6),1,0),IF(AND(AY5<>"",WEEKDAY(AX$1,2)<6),1,0),IF(AND(BA5<>"",WEEKDAY(AZ$1,2)<6),1,0),IF(AND(BC5<>"",WEEKDAY(BB$1,2)<6),1,0),IF(AND(BE5<>"",WEEKDAY(BD$1,2)<6),1,0),IF(AND(BG5<>"",WEEKDAY(BF$1,2)<6),1,0)) -> 16 | BJ5: =SUM(IF(AND((D5<>"" )+(E5<>""),WEEKDAY(D$1,2)=6),1,0),IF(AND((F5<>"" )+(G5<>""),WEEKDAY(F$1,2)=6),1,0),IF(AND((H5<>"" )+(I5<>""),WEEKDAY(H$1,2)=6),1,0),IF(AND((J5<>"" )+(K5<>""),WEEKDAY(J$1,2)=6),1,0),IF(AND((L5<>"" )+(M5<>""),WEEKDAY(L$1,2)=6),1,0),IF(AND((N5<>"" )+(O5<>""),WEEKDAY(N$1,2)=6),1,0),IF(AND((P5<>"" )+(Q5<>""),WEEKDAY(P$1,2)=6),1,0),IF(AND((R5<>"" )+(S5<>""),WEEKDAY(R$1,2)=6),1,0),IF(AND((T5<>"" )+(U5<>""),WEEKDAY(T$1,2)=6),1,0),IF(AND((V5<>"" )+(W5<>""),WEEKDAY(V$1,2)=6),1,0),IF(AND((X5<>"" )+(Y5<>""),WEEKDAY(X$1,2)=6),1,0),IF(AND((Z5<>"" )+(AA5<>""),WEEKDAY(Z$1,2)=6),1,0),IF(AND((AB5<>"" )+(AC5<>""),WEEKDAY(AB$1,2)=6),1,0),IF(AND((AD5<>"" )+(AE5<>""),WEEKDAY(AD$1,2)=6),1,0),IF(AND((AF5<>"" )+(AG5<>""),WEEKDAY(AF$1,2)=6),1,0),IF(AND((AH5<>"" )+(AI5<>""),WEEKDAY(AH$1,2)=6),1,0),IF(AND((AJ5<>"" )+(AK5<>""),WEEKDAY(AJ$1,2)=6),1,0),IF(AND((AL5<>"" )+(AM5<>""),WEEKDAY(AL$1,2)=6),1,0),IF(AND((AN5<>"" )+(AO5<>""),WEEKDAY(AN$1,2)=6),1,0),IF(AND((AP5<>"" )+(AQ5<>""),WEEKDAY(AP$1,2)=6),1,0),IF(AND((AR5<>"" )+(AS5<>""),WEEKDAY(AR$1,2)=6),1,0),IF(AND((AT5<>"" )+(AU5<>""),WEEKDAY(AT$1,2)=6),1,0),IF(AND((AV5<>"" )+(AW5<>""),WEEKDAY(AV$1,2)=6),1,0),IF(AND((AX5<>"" )+(AY5<>""),WEEKDAY(AX$1,2)=6),1,0),IF(AND((AZ5<>"" )+(BA5<>""),WEEKDAY(AZ$1,2)=6),1,0),IF(AND((BB5<>"" )+(BC5<>""),WEEKDAY(BB$1,2)=6),1,0),IF(AND((BD5<>"" )+(BE5<>""),WEEKDAY(BD$1,2)=6),1,0),IF(AND((BF5<>"" )+(BG5<>""),WEEKDAY(BF$1,2)=6),1,0)) -> 2
A6: R1 | B6: MARTIN BAUME | C6: CEYLAN | I6: 0.14236111 | X6: 0.36805556 | AZ6: 0.34305556 | BH6: =SUM(IF(AND(D6<>"",WEEKDAY(D$1,2)<6),1,0),IF(AND(F6<>"",WEEKDAY(F$1,2)<6),1,0),IF(AND(H6<>"",WEEKDAY(H$1,2)<6),1,0),IF(AND(J6<>"",WEEKDAY(J$1,2)<6),1,0),IF(AND(L6<>"",WEEKDAY(L$1,2)<6),1,0),IF(AND(N6<>"",WEEKDAY(N$1,2)<6),1,0),IF(AND(P6<>"",WEEKDAY(P$1,2)<6),1,0),IF(AND(R6<>"",WEEKDAY(R$1,2)<6),1,0),IF(AND(T6<>"",WEEKDAY(T$1,2)<6),1,0),IF(AND(V6<>"",WEEKDAY(V$1,2)<6),1,0),IF(AND(X6<>"",WEEKDAY(X$1,2)<6),1,0),IF(AND(Z6<>"",WEEKDAY(Z$1,2)<6),1,0),IF(AND(AB6<>"",WEEKDAY(AB$1,2)<6),1,0),IF(AND(AD6<>"",WEEKDAY(AD$1,2)<6),1,0),IF(AND(AF6<>"",WEEKDAY(AF$1,2)<6),1,0),IF(AND(AH6<>"",WEEKDAY(AH$1,2)<6),1,0),IF(AND(AJ6<>"",WEEKDAY(AJ$1,2)<6),1,0),IF(AND(AL6<>"",WEEKDAY(AL$1,2)<6),1,0),IF(AND(AN6<>"",WEEKDAY(AN$1,2)<6),1,0),IF(AND(AP6<>"",WEEKDAY(AP$1,2)<6),1,0),IF(AND(AR6<>"",WEEKDAY(AR$1,2)<6),1,0),IF(AND(AT6<>"",WEEKDAY(AT$1,2)<6),1,0),IF(AND(AV6<>"",WEEKDAY(AV$1,2)<6),1,0),IF(AND(AX6<>"",WEEKDAY(AX$1,2)<6),1,0),IF(AND(AZ6<>"",WEEKDAY(AZ$1,2)<6),1,0),IF(AND(BB6<>"",WEEKDAY(BB$1,2)<6),1,0),IF(AND(BD6<>"",WEEKDAY(BD$1,2)<6),1,0),IF(AND(BF6<>"",WEEKDAY(BF$1,2)<6),1,0)) -> 2 | BI6: =SUM(IF(AND(E6<>"",WEEKDAY(D$1,2)<6),1,0),IF(AND(G6<>"",WEEKDAY(F$1,2)<6),1,0),IF(AND(I6<>"",WEEKDAY(H$1,2)<6),1,0),IF(AND(K6<>"",WEEKDAY(J$1,2)<6),1,0),IF(AND(M6<>"",WEEKDAY(L$1,2)<6),1,0),IF(AND(O6<>"",WEEKDAY(N$1,2)<6),1,0),IF(AND(Q6<>"",WEEKDAY(P$1,2)<6),1,0),IF(AND(S6<>"",WEEKDAY(R$1,2)<6),1,0),IF(AND(U6<>"",WEEKDAY(T$1,2)<6),1,0),IF(AND(W6<>"",WEEKDAY(V$1,2)<6),1,0),IF(AND(Y6<>"",WEEKDAY(X$1,2)<6),1,0),IF(AND(AA6<>"",WEEKDAY(Z$1,2)<6),1,0),IF(AND(AC6<>"",WEEKDAY(AB$1,2)<6),1,0),IF(AND(AE6<>"",WEEKDAY(AD$1,2)<6),1,0),IF(AND(AG6<>"",WEEKDAY(AF$1,2)<6),1,0),IF(AND(AI6<>"",WEEKDAY(AH$1,2)<6),1,0),IF(AND(AK6<>"",WEEKDAY(AJ$1,2)<6),1,0),IF(AND(AM6<>"",WEEKDAY(AL$1,2)<6),1,0),IF(AND(AO6<>"",WEEKDAY(AN$1,2)<6),1,0),IF(AND(AQ6<>"",WEEKDAY(AP$1,2)<6),1,0),IF(AND(AS6<>"",WEEKDAY(AR$1,2)<6),1,0),IF(AND(AU6<>"",WEEKDAY(AT$1,2)<6),1,0),IF(AND(AW6<>"",WEEKDAY(AV$1,2)<6),1,0),IF(AND(AY6<>"",WEEKDAY(AX$1,2)<6),1,0),IF(AND(BA6<>"",WEEKDAY(AZ$1,2)<6),1,0),IF(AND(BC6<>"",WEEKDAY(BB$1,2)<6),1,0),IF(AND(BE6<>"",WEEKDAY(BD$1,2)<6),1,0),IF(AND(BG6<>"",WEEKDAY(BF$1,2)<6),1,0)) -> 1 | BJ6: =SUM(IF(AND((D6<>"" )+(E6<>""),WEEKDAY(D$1,2)=6),1,0),IF(AND((F6<>"" )+(G6<>""),WEEKDAY(F$1,2)=6),1,0),IF(AND((H6<>"" )+(I6<>""),WEEKDAY(H$1,2)=6),1,0),IF(AND((J6<>"" )+(K6<>""),WEEKDAY(J$1,2)=6),1,0),IF(AND((L6<>"" )+(M6<>""),WEEKDAY(L$1,2)=6),1,0),IF(AND((N6<>"" )+(O6<>""),WEEKDAY(N$1,2)=6),1,0),IF(AND((P6<>"" )+(Q6<>""),WEEKDAY(P$1,2)=6),1,0),IF(AND((R6<>"" )+(S6<>""),WEEKDAY(R$1,2)=6),1,0),IF(AND((T6<>"" )+(U6<>""),WEEKDAY(T$1,2)=6),1,0),IF(AND((V6<>"" )+(W6<>""),WEEKDAY(V$1,2)=6),1,0),IF(AND((X6<>"" )+(Y6<>""),WEEKDAY(X$1,2)=6),1,0),IF(AND((Z6<>"" )+(AA6<>""),WEEKDAY(Z$1,2)=6),1,0),IF(AND((AB6<>"" )+(AC6<>""),WEEKDAY(AB$1,2)=6),1,0),IF(AND((AD6<>"" )+(AE6<>""),WEEKDAY(AD$1,2)=6),1,0),IF(AND((AF6<>"" )+(AG6<>""),WEEKDAY(AF$1,2)=6),1,0),IF(AND((AH6<>"" )+(AI6<>""),WEEKDAY(AH$1,2)=6),1,0),IF(AND((AJ6<>"" )+(AK6<>""),WEEKDAY(AJ$1,2)=6),1,0),IF(AND((AL6<>"" )+(AM6<>""),WEEKDAY(AL$1,2)=6),1,0),IF(AND((AN6<>"" )+(AO6<>""),WEEKDAY(AN$1,2)=6),1,0),IF(AND((AP6<>"" )+(AQ6<>""),WEEKDAY(AP$1,2)=6),1,0),IF(AND((AR6<>"" )+(AS6<>""),WEEKDAY(AR$1,2)=6),1,0),IF(AND((AT6<>"" )+(AU6<>""),WEEKDAY(AT$1,2)=6),1,0),IF(AND((AV6<>"" )+(AW6<>""),WEEKDAY(AV$1,2)=6),1,0),IF(AND((AX6<>"" )+(AY6<>""),WEEKDAY(AX$1,2)=6),1,0),IF(AND((AZ6<>"" )+(BA6<>""),WEEKDAY(AZ$1,2)=6),1,0),IF(AND((BB6<>"" )+(BC6<>""),WEEKDAY(BB$1,2)=6),1,0),IF(AND((BD6<>"" )+(BE6<>""),WEEKDAY(BD$1,2)=6),1,0),IF(AND((BF6<>"" )+(BG6<>""),WEEKDAY(BF$1,2)=6),1,0)) -> 0
A7: R1 | B7: MARTIN BAUME | C7: 100 METROS | BB7: 0.34097222 | BH7: =SUM(IF(AND(D7<>"",WEEKDAY(D$1,2)<6),1,0),IF(AND(F7<>"",WEEKDAY(F$1,2)<6),1,0),IF(AND(H7<>"",WEEKDAY(H$1,2)<6),1,0),IF(AND(J7<>"",WEEKDAY(J$1,2)<6),1,0),IF(AND(L7<>"",WEEKDAY(L$1,2)<6),1,0),IF(AND(N7<>"",WEEKDAY(N$1,2)<6),1,0),IF(AND(P7<>"",WEEKDAY(P$1,2)<6),1,0),IF(AND(R7<>"",WEEKDAY(R$1,2)<6),1,0),IF(AND(T7<>"",WEEKDAY(T$1,2)<6),1,0),IF(AND(V7<>"",WEEKDAY(V$1,2)<6),1,0),IF(AND(X7<>"",WEEKDAY(X$1,2)<6),1,0),IF(AND(Z7<>"",WEEKDAY(Z$1,2)<6),1,0),IF(AND(AB7<>"",WEEKDAY(AB$1,2)<6),1,0),IF(AND(AD7<>"",WEEKDAY(AD$1,2)<6),1,0),IF(AND(AF7<>"",WEEKDAY(AF$1,2)<6),1,0),IF(AND(AH7<>"",WEEKDAY(AH$1,2)<6),1,0),IF(AND(AJ7<>"",WEEKDAY(AJ$1,2)<6),1,0),IF(AND(AL7<>"",WEEKDAY(AL$1,2)<6),1,0),IF(AND(AN7<>"",WEEKDAY(AN$1,2)<6),1,0),IF(AND(AP7<>"",WEEKDAY(AP$1,2)<6),1,0),IF(AND(AR7<>"",WEEKDAY(AR$1,2)<6),1,0),IF(AND(AT7<>"",WEEKDAY(AT$1,2)<6),1,0),IF(AND(AV7<>"",WEEKDAY(AV$1,2)<6),1,0),IF(AND(AX7<>"",WEEKDAY(AX$1,2)<6),1,0),IF(AND(AZ7<>"",WEEKDAY(AZ$1,2)<6),1,0),IF(AND(BB7<>"",WEEKDAY(BB$1,2)<6),1,0),IF(AND(BD7<>"",WEEKDAY(BD$1,2)<6),1,0),IF(AND(BF7<>"",WEEKDAY(BF$1,2)<6),1,0)) -> 1 | BI7: =SUM(IF(AND(E7<>"",WEEKDAY(D$1,2)<6),1,0),IF(AND(G7<>"",WEEKDAY(F$1,2)<6),1,0),IF(AND(I7<>"",WEEKDAY(H$1,2)<6),1,0),IF(AND(K7<>"",WEEKDAY(J$1,2)<6),1,0),IF(AND(M7<>"",WEEKDAY(L$1,2)<6),1,0),IF(AND(O7<>"",WEEKDAY(N$1,2)<6),1,0),IF(AND(Q7<>"",WEEKDAY(P$1,2)<6),1,0),IF(AND(S7<>"",WEEKDAY(R$1,2)<6),1,0),IF(AND(U7<>"",WEEKDAY(T$1,2)<6),1,0),IF(AND(W7<>"",WEEKDAY(V$1,2)<6),1,0),IF(AND(Y7<>"",WEEKDAY(X$1,2)<6),1,0),IF(AND(AA7<>"",WEEKDAY(Z$1,2)<6),1,0),IF(AND(AC7<>"",WEEKDAY(AB$1,2)<6),1,0),IF(AND(AE7<>"",WEEKDAY(AD$1,2)<6),1,0),IF(AND(AG7<>"",WEEKDAY(AF$1,2)<6),1,0),IF(AND(AI7<>"",WEEKDAY(AH$1,2)<6),1,0),IF(AND(AK7<>"",WEEKDAY(AJ$1,2)<6),1,0),IF(AND(AM7<>"",WEEKDAY(AL$1,2)<6),1,0),IF(AND(AO7<>"",WEEKDAY(AN$1,2)<6),1,0),IF(AND(AQ7<>"",WEEKDAY(AP$1,2)<6),1,0),IF(AND(AS7<>"",WEEKDAY(AR$1,2)<6),1,0),IF(AND(AU7<>"",WEEKDAY(AT$1,2)<6),1,0),IF(AND(AW7<>"",WEEKDAY(AV$1,2)<6),1,0),IF(AND(AY7<>"",WEEKDAY(AX$1,2)<6),1,0),IF(AND(BA7<>"",WEEKDAY(AZ$1,2)<6),1,0),IF(AND(BC7<>"",WEEKDAY(BB$1,2)<6),1,0),IF(AND(BE7<>"",WEEKDAY(BD$1,2)<6),1,0),IF(AND(BG7<>"",WEEKDAY(BF$1,2)<6),1,0)) -> 0 | BJ7: =SUM(IF(AND((D7<>"" )+(E7<>""),WEEKDAY(D$1,2)=6),1,0),IF(AND((F7<>"" )+(G7<>""),WEEKDAY(F$1,2)=6),1,0),IF(AND((H7<>"" )+(I7<>""),WEEKDAY(H$1,2)=6),1,0),IF(AND((J7<>"" )+(K7<>""),WEEKDAY(J$1,2)=6),1,0),IF(AND((L7<>"" )+(M7<>""),WEEKDAY(L$1,2)=6),1,0),IF(AND((N7<>"" )+(O7<>""),WEEKDAY(N$1,2)=6),1,0),IF(AND((P7<>"" )+(Q7<>""),WEEKDAY(P$1,2)=6),1,0),IF(AND((R7<>"" )+(S7<>""),WEEKDAY(R$1,2)=6),1,0),IF(AND((T7<>"" )+(U7<>""),WEEKDAY(T$1,2)=6),1,0),IF(AND((V7<>"" )+(W7<>""),WEEKDAY(V$1,2)=6),1,0),IF(AND((X7<>"" )+(Y7<>""),WEEKDAY(X$1,2)=6),1,0),IF(AND((Z7<>"" )+(AA7<>""),WEEKDAY(Z$1,2)=6),1,0),IF(AND((AB7<>"" )+(AC7<>""),WEEKDAY(AB$1,2)=6),1,0),IF(AND((AD7<>"" )+(AE7<>""),WEEKDAY(AD$1,2)=6),1,0),IF(AND((AF7<>"" )+(AG7<>""),WEEKDAY(AF$1,2)=6),1,0),IF(AND((AH7<>"" )+(AI7<>""),WEEKDAY(AH$1,2)=6),1,0),IF(AND((AJ7<>"" )+(AK7<>""),WEEKDAY(AJ$1,2)=6),1,0),IF(AND((AL7<>"" )+(AM7<>""),WEEKDAY(AL$1,2)=6),1,0),IF(AND((AN7<>"" )+(AO7<>""),WEEKDAY(AN$1,2)=6),1,0),IF(AND((AP7<>"" )+(AQ7<>""),WEEKDAY(AP$1,2)=6),1,0),IF(AND((AR7<>"" )+(AS7<>""),WEEKDAY(AR$1,2)=6),1,0),IF(AND((AT7<>"" )+(AU7<>""),WEEKDAY(AT$1,2)=6),1,0),IF(AND((AV7<>"" )+(AW7<>""),WEEKDAY(AV$1,2)=6),1,0),IF(AND((AX7<>"" )+(AY7<>""),WEEKDAY(AX$1,2)=6),1,0),IF(AND((AZ7<>"" )+(BA7<>""),WEEKDAY(AZ$1,2)=6),1,0),IF(AND((BB7<>"" )+(BC7<>""),WEEKDAY(BB$1,2)=6),1,0),IF(AND((BD7<>"" )+(BE7<>""),WEEKDAY(BD$1,2)=6),1,0),IF(AND((BF7<>"" )+(BG7<>""),WEEKDAY(BF$1,2)=6),1,0)) -> 0
A8: R1 | B8: MARTIN BAUME | C8: PINO | BH8: =SUM(IF(AND(D8<>"",WEEKDAY(D$1,2)<6),1,0),IF(AND(F8<>"",WEEKDAY(F$1,2)<6),1,0),IF(AND(H8<>"",WEEKDAY(H$1,2)<6),1,0),IF(AND(J8<>"",WEEKDAY(J$1,2)<6),1,0),IF(AND(L8<>"",WEEKDAY(L$1,2)<6),1,0),IF(AND(N8<>"",WEEKDAY(N$1,2)<6),1,0),IF(AND(P8<>"",WEEKDAY(P$1,2)<6),1,0),IF(AND(R8<>"",WEEKDAY(R$1,2)<6),1,0),IF(AND(T8<>"",WEEKDAY(T$1,2)<6),1,0),IF(AND(V8<>"",WEEKDAY(V$1,2)<6),1,0),IF(AND(X8<>"",WEEKDAY(X$1,2)<6),1,0),IF(AND(Z8<>"",WEEKDAY(Z$1,2)<6),1,0),IF(AND(AB8<>"",WEEKDAY(AB$1,2)<6),1,0),IF(AND(AD8<>"",WEEKDAY(AD$1,2)<6),1,0),IF(AND(AF8<>"",WEEKDAY(AF$1,2)<6),1,0),IF(AND(AH8<>"",WEEKDAY(AH$1,2)<6),1,0),IF(AND(AJ8<>"",WEEKDAY(AJ$1,2)<6),1,0),IF(AND(AL8<>"",WEEKDAY(AL$1,2)<6),1,0),IF(AND(AN8<>"",WEEKDAY(AN$1,2)<6),1,0),IF(AND(AP8<>"",WEEKDAY(AP$1,2)<6),1,0),IF(AND(AR8<>"",WEEKDAY(AR$1,2)<6),1,0),IF(AND(AT8<>"",WEEKDAY(AT$1,2)<6),1,0),IF(AND(AV8<>"",WEEKDAY(AV$1,2)<6),1,0),IF(AND(AX8<>"",WEEKDAY(AX$1,2)<6),1,0),IF(AND(AZ8<>"",WEEKDAY(AZ$1,2)<6),1,0),IF(AND(BB8<>"",WEEKDAY(BB$1,2)<6),1,0),IF(AND(BD8<>"",WEEKDAY(BD$1,2)<6),1,0),IF(AND(BF8<>"",WEEKDAY(BF$1,2)<6),1,0)) -> 0 | BI8: =SUM(IF(AND(E8<>"",WEEKDAY(D$1,2)<6),1,0),IF(AND(G8<>"",WEEKDAY(F$1,2)<6),1,0),IF(AND(I8<>"",WEEKDAY(H$1,2)<6),1,0),IF(AND(K8<>"",WEEKDAY(J$1,2)<6),1,0),IF(AND(M8<>"",WEEKDAY(L$1,2)<6),1,0),IF(AND(O8<>"",WEEKDAY(N$1,2)<6),1,0),IF(AND(Q8<>"",WEEKDAY(P$1,2)<6),1,0),IF(AND(S8<>"",WEEKDAY(R$1,2)<6),1,0),IF(AND(U8<>"",WEEKDAY(T$1,2)<6),1,0),IF(AND(W8<>"",WEEKDAY(V$1,2)<6),1,0),IF(AND(Y8<>"",WEEKDAY(X$1,2)<6),1,0),IF(AND(AA8<>"",WEEKDAY(Z$1,2)<6),1,0),IF(AND(AC8<>"",WEEKDAY(AB$1,2)<6),1,0),IF(AND(AE8<>"",WEEKDAY(AD$1,2)<6),1,0),IF(AND(AG8<>"",WEEKDAY(AF$1,2)<6),1,0),IF(AND(AI8<>"",WEEKDAY(AH$1,2)<6),1,0),IF(AND(AK8<>"",WEEKDAY(AJ$1,2)<6),1,0),IF(AND(AM8<>"",WEEKDAY(AL$1,2)<6),1,0),IF(AND(AO8<>"",WEEKDAY(AN$1,2)<6),1,0),IF(AND(AQ8<>"",WEEKDAY(AP$1,2)<6),1,0),IF(AND(AS8<>"",WEEKDAY(AR$1,2)<6),1,0),IF(AND(AU8<>"",WEEKDAY(AT$1,2)<6),1,0),IF(AND(AW8<>"",WEEKDAY(AV$1,2)<6),1,0),IF(AND(AY8<>"",WEEKDAY(AX$1,2)<6),1,0),IF(AND(BA8<>"",WEEKDAY(AZ$1,2)<6),1,0),IF(AND(BC8<>"",WEEKDAY(BB$1,2)<6),1,0),IF(AND(BE8<>"",WEEKDAY(BD$1,2)<6),1,0),IF(AND(BG8<>"",WEEKDAY(BF$1,2)<6),1,0)) -> 0 | BJ8: =SUM(IF(AND((D8<>"" )+(E8<>""),WEEKDAY(D$1,2)=6),1,0),IF(AND((F8<>"" )+(G8<>""),WEEKDAY(F$1,2)=6),1,0),IF(AND((H8<>"" )+(I8<>""),WEEKDAY(H$1,2)=6),1,0),IF(AND((J8<>"" )+(K8<>""),WEEKDAY(J$1,2)=6),1,0),IF(AND((L8<>"" )+(M8<>""),WEEKDAY(L$1,2)=6),1,0),IF(AND((N8<>"" )+(O8<>""),WEEKDAY(N$1,2)=6),1,0),IF(AND((P8<>"" )+(Q8<>""),WEEKDAY(P$1,2)=6),1,0),IF(AND((R8<>"" )+(S8<>""),WEEKDAY(R$1,2)=6),1,0),IF(AND((T8<>"" )+(U8<>""),WEEKDAY(T$1,2)=6),1,0),IF(AND((V8<>"" )+(W8<>""),WEEKDAY(V$1,2)=6),1,0),IF(AND((X8<>"" )+(Y8<>""),WEEKDAY(X$1,2)=6),1,0),IF(AND((Z8<>"" )+(AA8<>""),WEEKDAY(Z$1,2)=6),1,0),IF(AND((AB8<>"" )+(AC8<>""),WEEKDAY(AB$1,2)=6),1,0),IF(AND((AD8<>"" )+(AE8<>""),WEEKDAY(AD$1,2)=6),1,0),IF(AND((AF8<>"" )+(AG8<>""),WEEKDAY(AF$1,2)=6),1,0),IF(AND((AH8<>"" )+(AI8<>""),WEEKDAY(AH$1,2)=6),1,0),IF(AND((AJ8<>"" )+(AK8<>""),WEEKDAY(AJ$1,2)=6),1,0),IF(AND((AL8<>"" )+(AM8<>""),WEEKDAY(AL$1,2)=6),1,0),IF(AND((AN8<>"" )+(AO8<>""),WEEKDAY(AN$1,2)=6),1,0),IF(AND((AP8<>"" )+(AQ8<>""),WEEKDAY(AP$1,2)=6),1,0),IF(AND((AR8<>"" )+(AS8<>""),WEEKDAY(AR$1,2)=6),1,0),IF(AND((AT8<>"" )+(AU8<>""),WEEKDAY(AT$1,2)=6),1,0),IF(AND((AV8<>"" )+(AW8<>""),WEEKDAY(AV$1,2)=6),1,0),IF(AND((AX8<>"" )+(AY8<>""),WEEKDAY(AX$1,2)=6),1,0),IF(AND((AZ8<>"" )+(BA8<>""),WEEKDAY(AZ$1,2)=6),1,0),IF(AND((BB8<>"" )+(BC8<>""),WEEKDAY(BB$1,2)=6),1,0),IF(AND((BD8<>"" )+(BE8<>""),WEEKDAY(BD$1,2)=6),1,0),IF(AND((BF8<>"" )+(BG8<>""),WEEKDAY(BF$1,2)=6),1,0)) -> 0
A9: R1 | B9: MARTIN BAUME | C9: VALLEJO 1746 | BH9: =SUM(IF(AND(D9<>"",WEEKDAY(D$1,2)<6),1,0),IF(AND(F9<>"",WEEKDAY(F$1,2)<6),1,0),IF(AND(H9<>"",WEEKDAY(H$1,2)<6),1,0),IF(AND(J9<>"",WEEKDAY(J$1,2)<6),1,0),IF(AND(L9<>"",WEEKDAY(L$1,2)<6),1,0),IF(AND(N9<>"",WEEKDAY(N$1,2)<6),1,0),IF(AND(P9<>"",WEEKDAY(P$1,2)<6),1,0),IF(AND(R9<>"",WEEKDAY(R$1,2)<6),1,0),IF(AND(T9<>"",WEEKDAY(T$1,2)<6),1,0),IF(AND(V9<>"",WEEKDAY(V$1,2)<6),1,0),IF(AND(X9<>"",WEEKDAY(X$1,2)<6),1,0),IF(AND(Z9<>"",WEEKDAY(Z$1,2)<6),1,0),IF(AND(AB9<>"",WEEKDAY(AB$1,2)<6),1,0),IF(AND(AD9<>"",WEEKDAY(AD$1,2)<6),1,0),IF(AND(AF9<>"",WEEKDAY(AF$1,2)<6),1,0),IF(AND(AH9<>"",WEEKDAY(AH$1,2)<6),1,0),IF(AND(AJ9<>"",WEEKDAY(AJ$1,2)<6),1,0),IF(AND(AL9<>"",WEEKDAY(AL$1,2)<6),1,0),IF(AND(AN9<>"",WEEKDAY(AN$1,2)<6),1,0),IF(AND(AP9<>"",WEEKDAY(AP$1,2)<6),1,0),IF(AND(AR9<>"",WEEKDAY(AR$1,2)<6),1,0),IF(AND(AT9<>"",WEEKDAY(AT$1,2)<6),1,0),IF(AND(AV9<>"",WEEKDAY(AV$1,2)<6),1,0),IF(AND(AX9<>"",WEEKDAY(AX$1,2)<6),1,0),IF(AND(AZ9<>"",WEEKDAY(AZ$1,2)<6),1,0),IF(AND(BB9<>"",WEEKDAY(BB$1,2)<6),1,0),IF(AND(BD9<>"",WEEKDAY(BD$1,2)<6),1,0),IF(AND(BF9<>"",WEEKDAY(BF$1,2)<6),1,0)) -> 0 | BI9: =SUM(IF(AND(E9<>"",WEEKDAY(D$1,2)<6),1,0),IF(AND(G9<>"",WEEKDAY(F$1,2)<6),1,0),IF(AND(I9<>"",WEEKDAY(H$1,2)<6),1,0),IF(AND(K9<>"",WEEKDAY(J$1,2)<6),1,0),IF(AND(M9<>"",WEEKDAY(L$1,2)<6),1,0),IF(AND(O9<>"",WEEKDAY(N$1,2)<6),1,0),IF(AND(Q9<>"",WEEKDAY(P$1,2)<6),1,0),IF(AND(S9<>"",WEEKDAY(R$1,2)<6),1,0),IF(AND(U9<>"",WEEKDAY(T$1,2)<6),1,0),IF(AND(W9<>"",WEEKDAY(V$1,2)<6),1,0),IF(AND(Y9<>"",WEEKDAY(X$1,2)<6),1,0),IF(AND(AA9<>"",WEEKDAY(Z$1,2)<6),1,0),IF(AND(AC9<>"",WEEKDAY(AB$1,2)<6),1,0),IF(AND(AE9<>"",WEEKDAY(AD$1,2)<6),1,0),IF(AND(AG9<>"",WEEKDAY(AF$1,2)<6),1,0),IF(AND(AI9<>"",WEEKDAY(AH$1,2)<6),1,0),IF(AND(AK9<>"",WEEKDAY(AJ$1,2)<6),1,0),IF(AND(AM9<>"",WEEKDAY(AL$1,2)<6),1,0),IF(AND(AO9<>"",WEEKDAY(AN$1,2)<6),1,0),IF(AND(AQ9<>"",WEEKDAY(AP$1,2)<6),1,0),IF(AND(AS9<>"",WEEKDAY(AR$1,2)<6),1,0),IF(AND(AU9<>"",WEEKDAY(AT$1,2)<6),1,0),IF(AND(AW9<>"",WEEKDAY(AV$1,2)<6),1,0),IF(AND(AY9<>"",WEEKDAY(AX$1,2)<6),1,0),IF(AND(BA9<>"",WEEKDAY(AZ$1,2)<6),1,0),IF(AND(BC9<>"",WEEKDAY(BB$1,2)<6),1,0),IF(AND(BE9<>"",WEEKDAY(BD$1,2)<6),1,0),IF(AND(BG9<>"",WEEKDAY(BF$1,2)<6),1,0)) -> 0 | BJ9: =SUM(IF(AND((D9<>"" )+(E9<>""),WEEKDAY(D$1,2)=6),1,0),IF(AND((F9<>"" )+(G9<>""),WEEKDAY(F$1,2)=6),1,0),IF(AND((H9<>"" )+(I9<>""),WEEKDAY(H$1,2)=6),1,0),IF(AND((J9<>"" )+(K9<>""),WEEKDAY(J$1,2)=6),1,0),IF(AND((L9<>"" )+(M9<>""),WEEKDAY(L$1,2)=6),1,0),IF(AND((N9<>"" )+(O9<>""),WEEKDAY(N$1,2)=6),1,0),IF(AND((P9<>"" )+(Q9<>""),WEEKDAY(P$1,2)=6),1,0),IF(AND((R9<>"" )+(S9<>""),WEEKDAY(R$1,2)=6),1,0),IF(AND((T9<>"" )+(U9<>""),WEEKDAY(T$1,2)=6),1,0),IF(AND((V9<>"" )+(W9<>""),WEEKDAY(V$1,2)=6),1,0),IF(AND((X9<>"" )+(Y9<>""),WEEKDAY(X$1,2)=6),1,0),IF(AND((Z9<>"" )+(AA9<>""),WEEKDAY(Z$1,2)=6),1,0),IF(AND((AB9<>"" )+(AC9<>""),WEEKDAY(AB$1,2)=6),1,0),IF(AND((AD9<>"" )+(AE9<>""),WEEKDAY(AD$1,2)=6),1,0),IF(AND((AF9<>"" )+(AG9<>""),WEEKDAY(AF$1,2)=6),1,0),IF(AND((AH9<>"" )+(AI9<>""),WEEKDAY(AH$1,2)=6),1,0),IF(AND((AJ9<>"" )+(AK9<>""),WEEKDAY(AJ$1,2)=6),1,0),IF(AND((AL9<>"" )+(AM9<>""),WEEKDAY(AL$1,2)=6),1,0),IF(AND((AN9<>"" )+(AO9<>""),WEEKDAY(AN$1,2)=6),1,0),IF(AND((AP9<>"" )+(AQ9<>""),WEEKDAY(AP$1,2)=6),1,0),IF(AND((AR9<>"" )+(AS9<>""),WEEKDAY(AR$1,2)=6),1,0),IF(AND((AT9<>"" )+(AU9<>""),WEEKDAY(AT$1,2)=6),1,0),IF(AND((AV9<>"" )+(AW9<>""),WEEKDAY(AV$1,2)=6),1,0),IF(AND((AX9<>"" )+(AY9<>""),WEEKDAY(AX$1,2)=6),1,0),IF(AND((AZ9<>"" )+(BA9<>""),WEEKDAY(AZ$1,2)=6),1,0),IF(AND((BB9<>"" )+(BC9<>""),WEEKDAY(BB$1,2)=6),1,0),IF(AND((BD9<>"" )+(BE9<>""),WEEKDAY(BD$1,2)=6),1,0),IF(AND((BF9<>"" )+(BG9<>""),WEEKDAY(BF$1,2)=6),1,0)) -> 0
A10: R1 | B10: JAIR ABRAHAM GONZALEZ | C10: TLANE PARK III | H10: 0.36527778 | I10: 0.15555556 | J10: 0.35902778 | K10: 0.15138889 | L10: 0.37361111 | M10: 0.16666667 | N10: 0.35416667 | O10: 0.12916667 | T10: 0.35972222 | U10: 0.15972222 | V10: 0.35972222 | W10: 0.15972222 | X10: 0.36319444 | Y10: 0.15625 | Z10: 0.36111111 | AA10: 0.17638889 | AB10: 0.36180556 | AC10: 0.15902778 | AH10: 0.34166667 | AI10: 0.18541667 | AJ10: 0.33958333 | AM10: 0.17430556 | AO10: 0.175 | AP10: 0.34513889 | AQ10: 0.13333333 | AV10: 0.35763889 | AW10: 0.15138889 | AX10: 0.38055556 | AY10: 0.18888889 | AZ10: 0.34583333 | BA10: 0.14236111 | BB10: 0.36597222 | BD10: 0.35902778 | BE10: 0.16388889 | BH10: =SUM(IF(AND(D10<>"",WEEKDAY(D$1,2)<6),1,0),IF(AND(F10<>"",WEEKDAY(F$1,2)<6),1,0),IF(AND(H10<>"",WEEKDAY(H$1,2)<6),1,0),IF(AND(J10<>"",WEEKDAY(J$1,2)<6),1,0),IF(AND(L10<>"",WEEKDAY(L$1,2)<6),1,0),IF(AND(N10<>"",WEEKDAY(N$1,2)<6),1,0),IF(AND(P10<>"",WEEKDAY(P$1,2)<6),1,0),IF(AND(R10<>"",WEEKDAY(R$1,2)<6),1,0),IF(AND(T10<>"",WEEKDAY(T$1,2)<6),1,0),IF(AND(V10<>"",WEEKDAY(V$1,2)<6),1,0),IF(AND(X10<>"",WEEKDAY(X$1,2)<6),1,0),IF(AND(Z10<>"",WEEKDAY(Z$1,2)<6),1,0),IF(AND(AB10<>"",WEEKDAY(AB$1,2)<6),1,0),IF(AND(AD10<>"",WEEKDAY(AD$1,2)<6),1,0),IF(AND(AF10<>"",WEEKDAY(AF$1,2)<6),1,0),IF(AND(AH10<>"",WEEKDAY(AH$1,2)<6),1,0),IF(AND(AJ10<>"",WEEKDAY(AJ$1,2)<6),1,0),IF(AND(AL10<>"",WEEKDAY(AL$1,2)<6),1,0),IF(AND(AN10<>"",WEEKDAY(AN$1,2)<6),1,0),IF(AND(AP10<>"",WEEKDAY(AP$1,2)<6),1,0),IF(AND(AR10<>"",WEEKDAY(AR$1,2)<6),1,0),IF(AND(AT10<>"",WEEKDAY(AT$1,2)<6),1,0),IF(AND(AV10<>"",WEEKDAY(AV$1,2)<6),1,0),IF(AND(AX10<>"",WEEKDAY(AX$1,2)<6),1,0),IF(AND(AZ10<>"",WEEKDAY(AZ$1,2)<6),1,0),IF(AND(BB10<>"",WEEKDAY(BB$1,2)<6),1,0),IF(AND(BD10<>"",WEEKDAY(BD$1,2)<6),1,0),IF(AND(BF10<>"",WEEKDAY(BF$1,2)<6),1,0)) -> 17 | BI10: =SUM(IF(AND(E10<>"",WEEKDAY(D$1,2)<6),1,0),IF(AND(G10<>"",WEEKDAY(F$1,2)<6),1,0),IF(AND(I10<>"",WEEKDAY(H$1,2)<6),1,0),IF(AND(K10<>"",WEEKDAY(J$1,2)<6),1,0),IF(AND(M10<>"",WEEKDAY(L$1,2)<6),1,0),IF(AND(O10<>"",WEEKDAY(N$1,2)<6),1,0),IF(AND(Q10<>"",WEEKDAY(P$1,2)<6),1,0),IF(AND(S10<>"",WEEKDAY(R$1,2)<6),1,0),IF(AND(U10<>"",WEEKDAY(T$1,2)<6),1,0),IF(AND(W10<>"",WEEKDAY(V$1,2)<6),1,0),IF(AND(Y10<>"",WEEKDAY(X$1,2)<6),1,0),IF(AND(AA10<>"",WEEKDAY(Z$1,2)<6),1,0),IF(AND(AC10<>"",WEEKDAY(AB$1,2)<6),1,0),IF(AND(AE10<>"",WEEKDAY(AD$1,2)<6),1,0),IF(AND(AG10<>"",WEEKDAY(AF$1,2)<6),1,0),IF(AND(AI10<>"",WEEKDAY(AH$1,2)<6),1,0),IF(AND(AK10<>"",WEEKDAY(AJ$1,2)<6),1,0),IF(AND(AM10<>"",WEEKDAY(AL$1,2)<6),1,0),IF(AND(AO10<>"",WEEKDAY(AN$1,2)<6),1,0),IF(AND(AQ10<>"",WEEKDAY(AP$1,2)<6),1,0),IF(AND(AS10<>"",WEEKDAY(AR$1,2)<6),1,0),IF(AND(AU10<>"",WEEKDAY(AT$1,2)<6),1,0),IF(AND(AW10<>"",WEEKDAY(AV$1,2)<6),1,0),IF(AND(AY10<>"",WEEKDAY(AX$1,2)<6),1,0),IF(AND(BA10<>"",WEEKDAY(AZ$1,2)<6),1,0),IF(AND(BC10<>"",WEEKDAY(BB$1,2)<6),1,0),IF(AND(BE10<>"",WEEKDAY(BD$1,2)<6),1,0),IF(AND(BG10<>"",WEEKDAY(BF$1,2)<6),1,0)) -> 17 | BJ10: =SUM(IF(AND((D10<>"" )+(E10<>""),WEEKDAY(D$1,2)=6),1,0),IF(AND((F10<>"" )+(G10<>""),WEEKDAY(F$1,2)=6),1,0),IF(AND((H10<>"" )+(I10<>""),WEEKDAY(H$1,2)=6),1,0),IF(AND((J10<>"" )+(K10<>""),WEEKDAY(J$1,2)=6),1,0),IF(AND((L10<>"" )+(M10<>""),WEEKDAY(L$1,2)=6),1,0),IF(AND((N10<>"" )+(O10<>""),WEEKDAY(N$1,2)=6),1,0),IF(AND((P10<>"" )+(Q10<>""),WEEKDAY(P$1,2)=6),1,0),IF(AND((R10<>"" )+(S10<>""),WEEKDAY(R$1,2)=6),1,0),IF(AND((T10<>"" )+(U10<>""),WEEKDAY(T$1,2)=6),1,0),IF(AND((V10<>"" )+(W10<>""),WEEKDAY(V$1,2)=6),1,0),IF(AND((X10<>"" )+(Y10<>""),WEEKDAY(X$1,2)=6),1,0),IF(AND((Z10<>"" )+(AA10<>""),WEEKDAY(Z$1,2)=6),1,0),IF(AND((AB10<>"" )+(AC10<>""),WEEKDAY(AB$1,2)=6),1,0),IF(AND((AD10<>"" )+(AE10<>""),WEEKDAY(AD$1,2)=6),1,0),IF(AND((AF10<>"" )+(AG10<>""),WEEKDAY(AF$1,2)=6),1,0),IF(AND((AH10<>"" )+(AI10<>""),WEEKDAY(AH$1,2)=6),1,0),IF(AND((AJ10<>"" )+(AK10<>""),WEEKDAY(AJ$1,2)=6),1,0),IF(AND((AL10<>"" )+(AM10<>""),WEEKDAY(AL$1,2)=6),1,0),IF(AND((AN10<>"" )+(AO10<>""),WEEKDAY(AN$1,2)=6),1,0),IF(AND((AP10<>"" )+(AQ10<>""),WEEKDAY(AP$1,2)=6),1,0),IF(AND((AR10<>"" )+(AS10<>""),WEEKDAY(AR$1,2)=6),1,0),IF(AND((AT10<>"" )+(AU10<>""),WEEKDAY(AT$1,2)=6),1,0),IF(AND((AV10<>"" )+(AW10<>""),WEEKDAY(AV$1,2)=6),1,0),IF(AND((AX10<>"" )+(AY10<>""),WEEKDAY(AX$1,2)=6),1,0),IF(AND((AZ10<>"" )+(BA10<>""),WEEKDAY(AZ$1,2)=6),1,0),IF(AND((BB10<>"" )+(BC10<>""),WEEKDAY(BB$1,2)=6),1,0),IF(AND((BD10<>"" )+(BE10<>""),WEEKDAY(BD$1,2)=6),1,0),IF(AND((BF10<>"" )+(BG10<>""),WEEKDAY(BF$1,2)=6),1,0)) -> 0
A11: R1 | B11: JAIR ABRAHAM GONZALEZ | C11: VIA MORELOS | AK11: 0.16597222 | AL11: 0.35694444 | AN11: 0.34166667 | AV11: 0.33680556 | BH11: =SUM(IF(AND(D11<>"",WEEKDAY(D$1,2)<6),1,0),IF(AND(F11<>"",WEEKDAY(F$1,2)<6),1,0),IF(AND(H11<>"",WEEKDAY(H$1,2)<6),1,0),IF(AND(J11<>"",WEEKDAY(J$1,2)<6),1,0),IF(AND(L11<>"",WEEKDAY(L$1,2)<6),1,0),IF(AND(N11<>"",WEEKDAY(N$1,2)<6),1,0),IF(AND(P11<>"",WEEKDAY(P$1,2)<6),1,0),IF(AND(R11<>"",WEEKDAY(R$1,2)<6),1,0),IF(AND(T11<>"",WEEKDAY(T$1,2)<6),1,0),IF(AND(V11<>"",WEEKDAY(V$1,2)<6),1,0),IF(AND(X11<>"",WEEKDAY(X$1,2)<6),1,0),IF(AND(Z11<>"",WEEKDAY(Z$1,2)<6),1,0),IF(AND(AB11<>"",WEEKDAY(AB$1,2)<6),1,0),IF(AND(AD11<>"",WEEKDAY(AD$1,2)<6),1,0),IF(AND(AF11<>"",WEEKDAY(AF$1,2)<6),1,0),IF(AND(AH11<>"",WEEKDAY(AH$1,2)<6),1,0),IF(AND(AJ11<>"",WEEKDAY(AJ$1,2)<6),1,0),IF(AND(AL11<>"",WEEKDAY(AL$1,2)<6),1,0),IF(AND(AN11<>"",WEEKDAY(AN$1,2)<6),1,0),IF(AND(AP11<>"",WEEKDAY(AP$1,2)<6),1,0),IF(AND(AR11<>"",WEEKDAY(AR$1,2)<6),1,0),IF(AND(AT11<>"",WEEKDAY(AT$1,2)<6),1,0),IF(AND(AV11<>"",WEEKDAY(AV$1,2)<6),1,0),IF(AND(AX11<>"",WEEKDAY(AX$1,2)<6),1,0),IF(AND(AZ11<>"",WEEKDAY(AZ$1,2)<6),1,0),IF(AND(BB11<>"",WEEKDAY(BB$1,2)<6),1,0),IF(AND(BD11<>"",WEEKDAY(BD$1,2)<6),1,0),IF(AND(BF11<>"",WEEKDAY(BF$1,2)<6),1,0)) -> 3 | BI11: =SUM(IF(AND(E11<>"",WEEKDAY(D$1,2)<6),1,0),IF(AND(G11<>"",WEEKDAY(F$1,2)<6),1,0),IF(AND(I11<>"",WEEKDAY(H$1,2)<6),1,0),IF(AND(K11<>"",WEEKDAY(J$1,2)<6),1,0),IF(AND(M11<>"",WEEKDAY(L$1,2)<6),1,0),IF(AND(O11<>"",WEEKDAY(N$1,2)<6),1,0),IF(AND(Q11<>"",WEEKDAY(P$1,2)<6),1,0),IF(AND(S11<>"",WEEKDAY(R$1,2)<6),1,0),IF(AND(U11<>"",WEEKDAY(T$1,2)<6),1,0),IF(AND(W11<>"",WEEKDAY(V$1,2)<6),1,0),IF(AND(Y11<>"",WEEKDAY(X$1,2)<6),1,0),IF(AND(AA11<>"",WEEKDAY(Z$1,2)<6),1,0),IF(AND(AC11<>"",WEEKDAY(AB$1,2)<6),1,0),IF(AND(AE11<>"",WEEKDAY(AD$1,2)<6),1,0),IF(AND(AG11<>"",WEEKDAY(AF$1,2)<6),1,0),IF(AND(AI11<>"",WEEKDAY(AH$1,2)<6),1,0),IF(AND(AK11<>"",WEEKDAY(AJ$1,2)<6),1,0),IF(AND(AM11<>"",WEEKDAY(AL$1,2)<6),1,0),IF(AND(AO11<>"",WEEKDAY(AN$1,2)<6),1,0),IF(AND(AQ11<>"",WEEKDAY(AP$1,2)<6),1,0),IF(AND(AS11<>"",WEEKDAY(AR$1,2)<6),1,0),IF(AND(AU11<>"",WEEKDAY(AT$1,2)<6),1,0),IF(AND(AW11<>"",WEEKDAY(AV$1,2)<6),1,0),IF(AND(AY11<>"",WEEKDAY(AX$1,2)<6),1,0),IF(AND(BA11<>"",WEEKDAY(AZ$1,2)<6),1,0),IF(AND(BC11<>"",WEEKDAY(BB$1,2)<6),1,0),IF(AND(BE11<>"",WEEKDAY(BD$1,2)<6),1,0),IF(AND(BG11<>"",WEEKDAY(BF$1,2)<6),1,0)) -> 1 | BJ11: =SUM(IF(AND((D11<>"" )+(E11<>""),WEEKDAY(D$1,2)=6),1,0),IF(AND((F11<>"" )+(G11<>""),WEEKDAY(F$1,2)=6),1,0),IF(AND((H11<>"" )+(I11<>""),WEEKDAY(H$1,2)=6),1,0),IF(AND((J11<>"" )+(K11<>""),WEEKDAY(J$1,2)=6),1,0),IF(AND((L11<>"" )+(M11<>""),WEEKDAY(L$1,2)=6),1,0),IF(AND((N11<>"" )+(O11<>""),WEEKDAY(N$1,2)=6),1,0),IF(AND((P11<>"" )+(Q11<>""),WEEKDAY(P$1,2)=6),1,0),IF(AND((R11<>"" )+(S11<>""),WEEKDAY(R$1,2)=6),1,0),IF(AND((T11<>"" )+(U11<>""),WEEKDAY(T$1,2)=6),1,0),IF(AND((V11<>"" )+(W11<>""),WEEKDAY(V$1,2)=6),1,0),IF(AND((X11<>"" )+(Y11<>""),WEEKDAY(X$1,2)=6),1,0),IF(AND((Z11<>"" )+(AA11<>""),WEEKDAY(Z$1,2)=6),1,0),IF(AND((AB11<>"" )+(AC11<>""),WEEKDAY(AB$1,2)=6),1,0),IF(AND((AD11<>"" )+(AE11<>""),WEEKDAY(AD$1,2)=6),1,0),IF(AND((AF11<>"" )+(AG11<>""),WEEKDAY(AF$1,2)=6),1,0),IF(AND((AH11<>"" )+(AI11<>""),WEEKDAY(AH$1,2)=6),1,0),IF(AND((AJ11<>"" )+(AK11<>""),WEEKDAY(AJ$1,2)=6),1,0),IF(AND((AL11<>"" )+(AM11<>""),WEEKDAY(AL$1,2)=6),1,0),IF(AND((AN11<>"" )+(AO11<>""),WEEKDAY(AN$1,2)=6),1,0),IF(AND((AP11<>"" )+(AQ11<>""),WEEKDAY(AP$1,2)=6),1,0),IF(AND((AR11<>"" )+(AS11<>""),WEEKDAY(AR$1,2)=6),1,0),IF(AND((AT11<>"" )+(AU11<>""),WEEKDAY(AT$1,2)=6),1,0),IF(AND((AV11<>"" )+(AW11<>""),WEEKDAY(AV$1,2)=6),1,0),IF(AND((AX11<>"" )+(AY11<>""),WEEKDAY(AX$1,2)=6),1,0),IF(AND((AZ11<>"" )+(BA11<>""),WEEKDAY(AZ$1,2)=6),1,0),IF(AND((BB11<>"" )+(BC11<>""),WEEKDAY(BB$1,2)=6),1,0),IF(AND((BD11<>"" )+(BE11<>""),WEEKDAY(BD$1,2)=6),1,0),IF(AND((BF11<>"" )+(BG11<>""),WEEKDAY(BF$1,2)=6),1,0)) -> 0
A12: R1 | B12: JAIR ABRAHAM GONZALEZ | C12: TLANE PARK V | BH12: =SUM(IF(AND(D12<>"",WEEKDAY(D$1,2)<6),1,0),IF(AND(F12<>"",WEEKDAY(F$1,2)<6),1,0),IF(AND(H12<>"",WEEKDAY(H$1,2)<6),1,0),IF(AND(J12<>"",WEEKDAY(J$1,2)<6),1,0),IF(AND(L12<>"",WEEKDAY(L$1,2)<6),1,0),IF(AND(N12<>"",WEEKDAY(N$1,2)<6),1,0),IF(AND(P12<>"",WEEKDAY(P$1,2)<6),1,0),IF(AND(R12<>"",WEEKDAY(R$1,2)<6),1,0),IF(AND(T12<>"",WEEKDAY(T$1,2)<6),1,0),IF(AND(V12<>"",WEEKDAY(V$1,2)<6),1,0),IF(AND(X12<>"",WEEKDAY(X$1,2)<6),1,0),IF(AND(Z12<>"",WEEKDAY(Z$1,2)<6),1,0),IF(AND(AB12<>"",WEEKDAY(AB$1,2)<6),1,0),IF(AND(AD12<>"",WEEKDAY(AD$1,2)<6),1,0),IF(AND(AF12<>"",WEEKDAY(AF$1,2)<6),1,0),IF(AND(AH12<>"",WEEKDAY(AH$1,2)<6),1,0),IF(AND(AJ12<>"",WEEKDAY(AJ$1,2)<6),1,0),IF(AND(AL12<>"",WEEKDAY(AL$1,2)<6),1,0),IF(AND(AN12<>"",WEEKDAY(AN$1,2)<6),1,0),IF(AND(AP12<>"",WEEKDAY(AP$1,2)<6),1,0),IF(AND(AR12<>"",WEEKDAY(AR$1,2)<6),1,0),IF(AND(AT12<>"",WEEKDAY(AT$1,2)<6),1,0),IF(AND(AV12<>"",WEEKDAY(AV$1,2)<6),1,0),IF(AND(AX12<>"",WEEKDAY(AX$1,2)<6),1,0),IF(AND(AZ12<>"",WEEKDAY(AZ$1,2)<6),1,0),IF(AND(BB12<>"",WEEKDAY(BB$1,2)<6),1,0),IF(AND(BD12<>"",WEEKDAY(BD$1,2)<6),1,0),IF(AND(BF12<>"",WEEKDAY(BF$1,2)<6),1,0)) -> 0 | BI12: =SUM(IF(AND(E12<>"",WEEKDAY(D$1,2)<6),1,0),IF(AND(G12<>"",WEEKDAY(F$1,2)<6),1,0),IF(AND(I12<>"",WEEKDAY(H$1,2)<6),1,0),IF(AND(K12<>"",WEEKDAY(J$1,2)<6),1,0),IF(AND(M12<>"",WEEKDAY(L$1,2)<6),1,0),IF(AND(O12<>"",WEEKDAY(N$1,2)<6),1,0),IF(AND(Q12<>"",WEEKDAY(P$1,2)<6),1,0),IF(AND(S12<>"",WEEKDAY(R$1,2)<6),1,0),IF(AND(U12<>"",WEEKDAY(T$1,2)<6),1,0),IF(AND(W12<>"",WEEKDAY(V$1,2)<6),1,0),IF(AND(Y12<>"",WEEKDAY(X$1,2)<6),1,0),IF(AND(AA12<>"",WEEKDAY(Z$1,2)<6),1,0),IF(AND(AC12<>"",WEEKDAY(AB$1,2)<6),1,0),IF(AND(AE12<>"",WEEKDAY(AD$1,2)<6),1,0),IF(AND(AG12<>"",WEEKDAY(AF$1,2)<6),1,0),IF(AND(AI12<>"",WEEKDAY(AH$1,2)<6),1,0),IF(AND(AK12<>"",WEEKDAY(AJ$1,2)<6),1,0),IF(AND(AM12<>"",WEEKDAY(AL$1,2)<6),1,0),IF(AND(AO12<>"",WEEKDAY(AN$1,2)<6),1,0),IF(AND(AQ12<>"",WEEKDAY(AP$1,2)<6),1,0),IF(AND(AS12<>"",WEEKDAY(AR$1,2)<6),1,0),IF(AND(AU12<>"",WEEKDAY(AT$1,2)<6),1,0),IF(AND(AW12<>"",WEEKDAY(AV$1,2)<6),1,0),IF(AND(AY12<>"",WEEKDAY(AX$1,2)<6),1,0),IF(AND(BA12<>"",WEEKDAY(AZ$1,2)<6),1,0),IF(AND(BC12<>"",WEEKDAY(BB$1,2)<6),1,0),IF(AND(BE12<>"",WEEKDAY(BD$1,2)<6),1,0),IF(AND(BG12<>"",WEEKDAY(BF$1,2)<6),1,0)) -> 0 | BJ12: =SUM(IF(AND((D12<>"" )+(E12<>""),WEEKDAY(D$1,2)=6),1,0),IF(AND((F12<>"" )+(G12<>""),WEEKDAY(F$1,2)=6),1,0),IF(AND((H12<>"" )+(I12<>""),WEEKDAY(H$1,2)=6),1,0),IF(AND((J12<>"" )+(K12<>""),WEEKDAY(J$1,2)=6),1,0),IF(AND((L12<>"" )+(M12<>""),WEEKDAY(L$1,2)=6),1,0),IF(AND((N12<>"" )+(O12<>""),WEEKDAY(N$1,2)=6),1,0),IF(AND((P12<>"" )+(Q12<>""),WEEKDAY(P$1,2)=6),1,0),IF(AND((R12<>"" )+(S12<>""),WEEKDAY(R$1,2)=6),1,0),IF(AND((T12<>"" )+(U12<>""),WEEKDAY(T$1,2)=6),1,0),IF(AND((V12<>"" )+(W12<>""),WEEKDAY(V$1,2)=6),1,0),IF(AND((X12<>"" )+(Y12<>""),WEEKDAY(X$1,2)=6),1,0),IF(AND((Z12<>"" )+(AA12<>""),WEEKDAY(Z$1,2)=6),1,0),IF(AND((AB12<>"" )+(AC12<>""),WEEKDAY(AB$1,2)=6),1,0),IF(AND((AD12<>"" )+(AE12<>""),WEEKDAY(AD$1,2)=6),1,0),IF(AND((AF12<>"" )+(AG12<>""),WEEKDAY(AF$1,2)=6),1,0),IF(AND((AH12<>"" )+(AI12<>""),WEEKDAY(AH$1,2)=6),1,0),IF(AND((AJ12<>"" )+(AK12<>""),WEEKDAY(AJ$1,2)=6),1,0),IF(AND((AL12<>"" )+(AM12<>""),WEEKDAY(AL$1,2)=6),1,0),IF(AND((AN12<>"" )+(AO12<>""),WEEKDAY(AN$1,2)=6),1,0),IF(AND((AP12<>"" )+(AQ12<>""),WEEKDAY(AP$1,2)=6),1,0),IF(AND((AR12<>"" )+(AS12<>""),WEEKDAY(AR$1,2)=6),1,0),IF(AND((AT12<>"" )+(AU12<>""),WEEKDAY(AT$1,2)=6),1,0),IF(AND((AV12<>"" )+(AW12<>""),WEEKDAY(AV$1,2)=6),1,0),IF(AND((AX12<>"" )+(AY12<>""),WEEKDAY(AX$1,2)=6),1,0),IF(AND((AZ12<>"" )+(BA12<>""),WEEKDAY(AZ$1,2)=6),1,0),IF(AND((BB12<>"" )+(BC12<>""),WEEKDAY(BB$1,2)=6),1,0),IF(AND((BD12<>"" )+(BE12<>""),WEEKDAY(BD$1,2)=6),1,0),IF(AND((BF12<>"" )+(BG12<>""),WEEKDAY(BF$1,2)=6),1,0)) -> 0
A13: R1 | B13: JAIR ABRAHAM GONZALEZ | C13: VALLEJO 2000 | BH13: =SUM(IF(AND(D13<>"",WEEKDAY(D$1,2)<6),1,0),IF(AND(F13<>"",WEEKDAY(F$1,2)<6),1,0),IF(AND(H13<>"",WEEKDAY(H$1,2)<6),1,0),IF(AND(J13<>"",WEEKDAY(J$1,2)<6),1,0),IF(AND(L13<>"",WEEKDAY(L$1,2)<6),1,0),IF(AND(N13<>"",WEEKDAY(N$1,2)<6),1,0),IF(AND(P13<>"",WEEKDAY(P$1,2)<6),1,0),IF(AND(R13<>"",WEEKDAY(R$1,2)<6),1,0),IF(AND(T13<>"",WEEKDAY(T$1,2)<6),1,0),IF(AND(V13<>"",WEEKDAY(V$1,2)<6),1,0),IF(AND(X13<>"",WEEKDAY(X$1,2)<6),1,0),IF(AND(Z13<>"",WEEKDAY(Z$1,2)<6),1,0),IF(AND(AB13<>"",WEEKDAY(AB$1,2)<6),1,0),IF(AND(AD13<>"",WEEKDAY(AD$1,2)<6),1,0),IF(AND(AF13<>"",WEEKDAY(AF$1,2)<6),1,0),IF(AND(AH13<>"",WEEKDAY(AH$1,2)<6),1,0),IF(AND(AJ13<>"",WEEKDAY(AJ$1,2)<6),1,0),IF(AND(AL13<>"",WEEKDAY(AL$1,2)<6),1,0),IF(AND(AN13<>"",WEEKDAY(AN$1,2)<6),1,0),IF(AND(AP13<>"",WEEKDAY(AP$1,2)<6),1,0),IF(AND(AR13<>"",WEEKDAY(AR$1,2)<6),1,0),IF(AND(AT13<>"",WEEKDAY(AT$1,2)<6),1,0),IF(AND(AV13<>"",WEEKDAY(AV$1,2)<6),1,0),IF(AND(AX13<>"",WEEKDAY(AX$1,2)<6),1,0),IF(AND(AZ13<>"",WEEKDAY(AZ$1,2)<6),1,0),IF(AND(BB13<>"",WEEKDAY(BB$1,2)<6),1,0),IF(AND(BD13<>"",WEEKDAY(BD$1,2)<6),1,0),IF(AND(BF13<>"",WEEKDAY(BF$1,2)<6),1,0)) -> 0 | BI13: =SUM(IF(AND(E13<>"",WEEKDAY(D$1,2)<6),1,0),IF(AND(G13<>"",WEEKDAY(F$1,2)<6),1,0),IF(AND(I13<>"",WEEKDAY(H$1,2)<6),1,0),IF(AND(K13<>"",WEEKDAY(J$1,2)<6),1,0),IF(AND(M13<>"",WEEKDAY(L$1,2)<6),1,0),IF(AND(O13<>"",WEEKDAY(N$1,2)<6),1,0),IF(AND(Q13<>"",WEEKDAY(P$1,2)<6),1,0),IF(AND(S13<>"",WEEKDAY(R$1,2)<6),1,0),IF(AND(U13<>"",WEEKDAY(T$1,2)<6),1,0),IF(AND(W13<>"",WEEKDAY(V$1,2)<6),1,0),IF(AND(Y13<>"",WEEKDAY(X$1,2)<6),1,0),IF(AND(AA13<>"",WEEKDAY(Z$1,2)<6),1,0),IF(AND(AC13<>"",WEEKDAY(AB$1,2)<6),1,0),IF(AND(AE13<>"",WEEKDAY(AD$1,2)<6),1,0),IF(AND(AG13<>"",WEEKDAY(AF$1,2)<6),1,0),IF(AND(AI13<>"",WEEKDAY(AH$1,2)<6),1,0),IF(AND(AK13<>"",WEEKDAY(AJ$1,2)<6),1,0),IF(AND(AM13<>"",WEEKDAY(AL$1,2)<6),1,0),IF(AND(AO13<>"",WEEKDAY(AN$1,2)<6),1,0),IF(AND(AQ13<>"",WEEKDAY(AP$1,2)<6),1,0),IF(AND(AS13<>"",WEEKDAY(AR$1,2)<6),1,0),IF(AND(AU13<>"",WEEKDAY(AT$1,2)<6),1,0),IF(AND(AW13<>"",WEEKDAY(AV$1,2)<6),1,0),IF(AND(AY13<>"",WEEKDAY(AX$1,2)<6),1,0),IF(AND(BA13<>"",WEEKDAY(AZ$1,2)<6),1,0),IF(AND(BC13<>"",WEEKDAY(BB$1,2)<6),1,0),IF(AND(BE13<>"",WEEKDAY(BD$1,2)<6),1,0),IF(AND(BG13<>"",WEEKDAY(BF$1,2)<6),1,0)) -> 0 | BJ13: =SUM(IF(AND((D13<>"" )+(E13<>""),WEEKDAY(D$1,2)=6),1,0),IF(AND((F13<>"" )+(G13<>""),WEEKDAY(F$1,2)=6),1,0),IF(AND((H13<>"" )+(I13<>""),WEEKDAY(H$1,2)=6),1,0),IF(AND((J13<>"" )+(K13<>""),WEEKDAY(J$1,2)=6),1,0),IF(AND((L13<>"" )+(M13<>""),WEEKDAY(L$1,2)=6),1,0),IF(AND((N13<>"" )+(O13<>""),WEEKDAY(N$1,2)=6),1,0),IF(AND((P13<>"" )+(Q13<>""),WEEKDAY(P$1,2)=6),1,0),IF(AND((R13<>"" )+(S13<>""),WEEKDAY(R$1,2)=6),1,0),IF(AND((T13<>"" )+(U13<>""),WEEKDAY(T$1,2)=6),1,0),IF(AND((V13<>"" )+(W13<>""),WEEKDAY(V$1,2)=6),1,0),IF(AND((X13<>"" )+(Y13<>""),WEEKDAY(X$1,2)=6),1,0),IF(AND((Z13<>"" )+(AA13<>""),WEEKDAY(Z$1,2)=6),1,0),IF(AND((AB13<>"" )+(AC13<>""),WEEKDAY(AB$1,2)=6),1,0),IF(AND((AD13<>"" )+(AE13<>""),WEEKDAY(AD$1,2)=6),1,0),IF(AND((AF13<>"" )+(AG13<>""),WEEKDAY(AF$1,2)=6),1,0),IF(AND((AH13<>"" )+(AI13<>""),WEEKDAY(AH$1,2)=6),1,0),IF(AND((AJ13<>"" )+(AK13<>""),WEEKDAY(AJ$1,2)=6),1,0),IF(AND((AL13<>"" )+(AM13<>""),WEEKDAY(AL$1,2)=6),1,0),IF(AND((AN13<>"" )+(AO13<>""),WEEKDAY(AN$1,2)=6),1,0),IF(AND((AP13<>"" )+(AQ13<>""),WEEKDAY(AP$1,2)=6),1,0),IF(AND((AR13<>"" )+(AS13<>""),WEEKDAY(AR$1,2)=6),1,0),IF(AND((AT13<>"" )+(AU13<>""),WEEKDAY(AT$1,2)=6),1,0),IF(AND((AV13<>"" )+(AW13<>""),WEEKDAY(AV$1,2)=6),1,0),IF(AND((AX13<>"" )+(AY13<>""),WEEKDAY(AX$1,2)=6),1,0),IF(AND((AZ13<>"" )+(BA13<>""),WEEKDAY(AZ$1,2)=6),1,0),IF(AND((BB13<>"" )+(BC13<>""),WEEKDAY(BB$1,2)=6),1,0),IF(AND((BD13<>"" )+(BE13<>""),WEEKDAY(BD$1,2)=6),1,0),IF(AND((BF13<>"" )+(BG13<>""),WEEKDAY(BF$1,2)=6),1,0)) -> 0
A14: R1 | B14: JAIR ABRAHAM GONZALEZ | C14: LA PRESA | BH14: =SUM(IF(AND(D14<>"",WEEKDAY(D$1,2)<6),1,0),IF(AND(F14<>"",WEEKDAY(F$1,2)<6),1,0),IF(AND(H14<>"",WEEKDAY(H$1,2)<6),1,0),IF(AND(J14<>"",WEEKDAY(J$1,2)<6),1,0),IF(AND(L14<>"",WEEKDAY(L$1,2)<6),1,0),IF(AND(N14<>"",WEEKDAY(N$1,2)<6),1,0),IF(AND(P14<>"",WEEKDAY(P$1,2)<6),1,0),IF(AND(R14<>"",WEEKDAY(R$1,2)<6),1,0),IF(AND(T14<>"",WEEKDAY(T$1,2)<6),1,0),IF(AND(V14<>"",WEEKDAY(V$1,2)<6),1,0),IF(AND(X14<>"",WEEKDAY(X$1,2)<6),1,0),IF(AND(Z14<>"",WEEKDAY(Z$1,2)<6),1,0),IF(AND(AB14<>"",WEEKDAY(AB$1,2)<6),1,0),IF(AND(AD14<>"",WEEKDAY(AD$1,2)<6),1,0),IF(AND(AF14<>"",WEEKDAY(AF$1,2)<6),1,0),IF(AND(AH14<>"",WEEKDAY(AH$1,2)<6),1,0),IF(AND(AJ14<>"",WEEKDAY(AJ$1,2)<6),1,0),IF(AND(AL14<>"",WEEKDAY(AL$1,2)<6),1,0),IF(AND(AN14<>"",WEEKDAY(AN$1,2)<6),1,0),IF(AND(AP14<>"",WEEKDAY(AP$1,2)<6),1,0),IF(AND(AR14<>"",WEEKDAY(AR$1,2)<6),1,0),IF(AND(AT14<>"",WEEKDAY(AT$1,2)<6),1,0),IF(AND(AV14<>"",WEEKDAY(AV$1,2)<6),1,0),IF(AND(AX14<>"",WEEKDAY(AX$1,2)<6),1,0),IF(AND(AZ14<>"",WEEKDAY(AZ$1,2)<6),1,0),IF(AND(BB14<>"",WEEKDAY(BB$1,2)<6),1,0),IF(AND(BD14<>"",WEEKDAY(BD$1,2)<6),1,0),IF(AND(BF14<>"",WEEKDAY(BF$1,2)<6),1,0)) -> 0 | BI14: =SUM(IF(AND(E14<>"",WEEKDAY(D$1,2)<6),1,0),IF(AND(G14<>"",WEEKDAY(F$1,2)<6),1,0),IF(AND(I14<>"",WEEKDAY(H$1,2)<6),1,0),IF(AND(K14<>"",WEEKDAY(J$1,2)<6),1,0),IF(AND(M14<>"",WEEKDAY(L$1,2)<6),1,0),IF(AND(O14<>"",WEEKDAY(N$1,2)<6),1,0),IF(AND(Q14<>"",WEEKDAY(P$1,2)<6),1,0),IF(AND(S14<>"",WEEKDAY(R$1,2)<6),1,0),IF(AND(U14<>"",WEEKDAY(T$1,2)<6),1,0),IF(AND(W14<>"",WEEKDAY(V$1,2)<6),1,0),IF(AND(Y14<>"",WEEKDAY(X$1,2)<6),1,0),IF(AND(AA14<>"",WEEKDAY(Z$1,2)<6),1,0),IF(AND(AC14<>"",WEEKDAY(AB$1,2)<6),1,0),IF(AND(AE14<>"",WEEKDAY(AD$1,2)<6),1,0),IF(AND(AG14<>"",WEEKDAY(AF$1,2)<6),1,0),IF(AND(AI14<>"",WEEKDAY(AH$1,2)<6),1,0),IF(AND(AK14<>"",WEEKDAY(AJ$1,2)<6),1,0),IF(AND(AM14<>"",WEEKDAY(AL$1,2)<6),1,0),IF(AND(AO14<>"",WEEKDAY(AN$1,2)<6),1,0),IF(AND(AQ14<>"",WEEKDAY(AP$1,2)<6),1,0),IF(AND(AS14<>"",WEEKDAY(AR$1,2)<6),1,0),IF(AND(AU14<>"",WEEKDAY(AT$1,2)<6),1,0),IF(AND(AW14<>"",WEEKDAY(AV$1,2)<6),1,0),IF(AND(AY14<>"",WEEKDAY(AX$1,2)<6),1,0),IF(AND(BA14<>"",WEEKDAY(AZ$1,2)<6),1,0),IF(AND(BC14<>"",WEEKDAY(BB$1,2)<6),1,0),IF(AND(BE14<>"",WEEKDAY(BD$1,2)<6),1,0),IF(AND(BG14<>"",WEEKDAY(BF$1,2)<6),1,0)) -> 0 | BJ14: =SUM(IF(AND((D14<>"" )+(E14<>""),WEEKDAY(D$1,2)=6),1,0),IF(AND((F14<>"" )+(G14<>""),WEEKDAY(F$1,2)=6),1,0),IF(AND((H14<>"" )+(I14<>""),WEEKDAY(H$1,2)=6),1,0),IF(AND((J14<>"" )+(K14<>""),WEEKDAY(J$1,2)=6),1,0),IF(AND((L14<>"" )+(M14<>""),WEEKDAY(L$1,2)=6),1,0),IF(AND((N14<>"" )+(O14<>""),WEEKDAY(N$1,2)=6),1,0),IF(AND((P14<>"" )+(Q14<>""),WEEKDAY(P$1,2)=6),1,0),IF(AND((R14<>"" )+(S14<>""),WEEKDAY(R$1,2)=6),1,0),IF(AND((T14<>"" )+(U14<>""),WEEKDAY(T$1,2)=6),1,0),IF(AND((V14<>"" )+(W14<>""),WEEKDAY(V$1,2)=6),1,0),IF(AND((X14<>"" )+(Y14<>""),WEEKDAY(X$1,2)=6),1,0),IF(AND((Z14<>"" )+(AA14<>""),WEEKDAY(Z$1,2)=6),1,0),IF(AND((AB14<>"" )+(AC14<>""),WEEKDAY(AB$1,2)=6),1,0),IF(AND((AD14<>"" )+(AE14<>""),WEEKDAY(AD$1,2)=6),1,0),IF(AND((AF14<>"" )+(AG14<>""),WEEKDAY(AF$1,2)=6),1,0),IF(AND((AH14<>"" )+(AI14<>""),WEEKDAY(AH$1,2)=6),1,0),IF(AND((AJ14<>"" )+(AK14<>""),WEEKDAY(AJ$1,2)=6),1,0),IF(AND((AL14<>"" )+(AM14<>""),WEEKDAY(AL$1,2)=6),1,0),IF(AND((AN14<>"" )+(AO14<>""),WEEKDAY(AN$1,2)=6),1,0),IF(AND((AP14<>"" )+(AQ14<>""),WEEKDAY(AP$1,2)=6),1,0),IF(AND((AR14<>"" )+(AS14<>""),WEEKDAY(AR$1,2)=6),1,0),IF(AND((AT14<>"" )+(AU14<>""),WEEKDAY(AT$1,2)=6),1,0),IF(AND((AV14<>"" )+(AW14<>""),WEEKDAY(AV$1,2)=6),1,0),IF(AND((AX14<>"" )+(AY14<>""),WEEKDAY(AX$1,2)=6),1,0),IF(AND((AZ14<>"" )+(BA14<>""),WEEKDAY(AZ$1,2)=6),1,0),IF(AND((BB14<>"" )+(BC14<>""),WEEKDAY(BB$1,2)=6),1,0),IF(AND((BD14<>"" )+(BE14<>""),WEEKDAY(BD$1,2)=6),1,0),IF(AND((BF14<>"" )+(BG14<>""),WEEKDAY(BF$1,2)=6),1,0)) -> 0
A15: R1 | B15: JAIR ABRAHAM GONZALEZ | C15: CHIQUIHUITE (WALMART) | BH15: =SUM(IF(AND(D15<>"",WEEKDAY(D$1,2)<6),1,0),IF(AND(F15<>"",WEEKDAY(F$1,2)<6),1,0),IF(AND(H15<>"",WEEKDAY(H$1,2)<6),1,0),IF(AND(J15<>"",WEEKDAY(J$1,2)<6),1,0),IF(AND(L15<>"",WEEKDAY(L$1,2)<6),1,0),IF(AND(N15<>"",WEEKDAY(N$1,2)<6),1,0),IF(AND(P15<>"",WEEKDAY(P$1,2)<6),1,0),IF(AND(R15<>"",WEEKDAY(R$1,2)<6),1,0),IF(AND(T15<>"",WEEKDAY(T$1,2)<6),1,0),IF(AND(V15<>"",WEEKDAY(V$1,2)<6),1,0),IF(AND(X15<>"",WEEKDAY(X$1,2)<6),1,0),IF(AND(Z15<>"",WEEKDAY(Z$1,2)<6),1,0),IF(AND(AB15<>"",WEEKDAY(AB$1,2)<6),1,0),IF(AND(AD15<>"",WEEKDAY(AD$1,2)<6),1,0),IF(AND(AF15<>"",WEEKDAY(AF$1,2)<6),1,0),IF(AND(AH15<>"",WEEKDAY(AH$1,2)<6),1,0),IF(AND(AJ15<>"",WEEKDAY(AJ$1,2)<6),1,0),IF(AND(AL15<>"",WEEKDAY(AL$1,2)<6),1,0),IF(AND(AN15<>"",WEEKDAY(AN$1,2)<6),1,0),IF(AND(AP15<>"",WEEKDAY(AP$1,2)<6),1,0),IF(AND(AR15<>"",WEEKDAY(AR$1,2)<6),1,0),IF(AND(AT15<>"",WEEKDAY(AT$1,2)<6),1,0),IF(AND(AV15<>"",WEEKDAY(AV$1,2)<6),1,0),IF(AND(AX15<>"",WEEKDAY(AX$1,2)<6),1,0),IF(AND(AZ15<>"",WEEKDAY(AZ$1,2)<6),1,0),IF(AND(BB15<>"",WEEKDAY(BB$1,2)<6),1,0),IF(AND(BD15<>"",WEEKDAY(BD$1,2)<6),1,0),IF(AND(BF15<>"",WEEKDAY(BF$1,2)<6),1,0)) -> 0 | BI15: =SUM(IF(AND(E15<>"",WEEKDAY(D$1,2)<6),1,0),IF(AND(G15<>"",WEEKDAY(F$1,2)<6),1,0),IF(AND(I15<>"",WEEKDAY(H$1,2)<6),1,0),IF(AND(K15<>"",WEEKDAY(J$1,2)<6),1,0),IF(AND(M15<>"",WEEKDAY(L$1,2)<6),1,0),IF(AND(O15<>"",WEEKDAY(N$1,2)<6),1,0),IF(AND(Q15<>"",WEEKDAY(P$1,2)<6),1,0),IF(AND(S15<>"",WEEKDAY(R$1,2)<6),1,0),IF(AND(U15<>"",WEEKDAY(T$1,2)<6),1,0),IF(AND(W15<>"",WEEKDAY(V$1,2)<6),1,0),IF(AND(Y15<>"",WEEKDAY(X$1,2)<6),1,0),IF(AND(AA15<>"",WEEKDAY(Z$1,2)<6),1,0),IF(AND(AC15<>"",WEEKDAY(AB$1,2)<6),1,0),IF(AND(AE15<>"",WEEKDAY(AD$1,2)<6),1,0),IF(AND(AG15<>"",WEEKDAY(AF$1,2)<6),1,0),IF(AND(AI15<>"",WEEKDAY(AH$1,2)<6),1,0),IF(AND(AK15<>"",WEEKDAY(AJ$1,2)<6),1,0),IF(AND(AM15<>"",WEEKDAY(AL$1,2)<6),1,0),IF(AND(AO15<>"",WEEKDAY(AN$1,2)<6),1,0),IF(AND(AQ15<>"",WEEKDAY(AP$1,2)<6),1,0),IF(AND(AS15<>"",WEEKDAY(AR$1,2)<6),1,0),IF(AND(AU15<>"",WEEKDAY(AT$1,2)<6),1,0),IF(AND(AW15<>"",WEEKDAY(AV$1,2)<6),1,0),IF(AND(AY15<>"",WEEKDAY(AX$1,2)<6),1,0),IF(AND(BA15<>"",WEEKDAY(AZ$1,2)<6),1,0),IF(AND(BC15<>"",WEEKDAY(BB$1,2)<6),1,0),IF(AND(BE15<>"",WEEKDAY(BD$1,2)<6),1,0),IF(AND(BG15<>"",WEEKDAY(BF$1,2)<6),1,0)) -> 0 | BJ15: =SUM(IF(AND((D15<>"" )+(E15<>""),WEEKDAY(D$1,2)=6),1,0),IF(AND((F15<>"" )+(G15<>""),WEEKDAY(F$1,2)=6),1,0),IF(AND((H15<>"" )+(I15<>""),WEEKDAY(H$1,2)=6),1,0),IF(AND((J15<>"" )+(K15<>""),WEEKDAY(J$1,2)=6),1,0),IF(AND((L15<>"" )+(M15<>""),WEEKDAY(L$1,2)=6),1,0),IF(AND((N15<>"" )+(O15<>""),WEEKDAY(N$1,2)=6),1,0),IF(AND((P15<>"" )+(Q15<>""),WEEKDAY(P$1,2)=6),1,0),IF(AND((R15<>"" )+(S15<>""),WEEKDAY(R$1,2)=6),1,0),IF(AND((T15<>"" )+(U15<>""),WEEKDAY(T$1,2)=6),1,0),IF(AND((V15<>"" )+(W15<>""),WEEKDAY(V$1,2)=6),1,0),IF(AND((X15<>"" )+(Y15<>""),WEEKDAY(X$1,2)=6),1,0),IF(AND((Z15<>"" )+(AA15<>""),WEEKDAY(Z$1,2)=6),1,0),IF(AND((AB15<>"" )+(AC15<>""),WEEKDAY(AB$1,2)=6),1,0),IF(AND((AD15<>"" )+(AE15<>""),WEEKDAY(AD$1,2)=6),1,0),IF(AND((AF15<>"" )+(AG15<>""),WEEKDAY(AF$1,2)=6),1,0),IF(AND((AH15<>"" )+(AI15<>""),WEEKDAY(AH$1,2)=6),1,0),IF(AND((AJ15<>"" )+(AK15<>""),WEEKDAY(AJ$1,2)=6),1,0),IF(AND((AL15<>"" )+(AM15<>""),WEEKDAY(AL$1,2)=6),1,0),IF(AND((AN15<>"" )+(AO15<>""),WEEKDAY(AN$1,2)=6),1,0),IF(AND((AP15<>"" )+(AQ15<>""),WEEKDAY(AP$1,2)=6),1,0),IF(AND((AR15<>"" )+(AS15<>""),WEEKDAY(AR$1,2)=6),1,0),IF(AND((AT15<>"" )+(AU15<>""),WEEKDAY(AT$1,2)=6),1,0),IF(AND((AV15<>"" )+(AW15<>""),WEEKDAY(AV$1,2)=6),1,0),IF(AND((AX15<>"" )+(AY15<>""),WEEKDAY(AX$1,2)=6),1,0),IF(AND((AZ15<>"" )+(BA15<>""),WEEKDAY(AZ$1,2)=6),1,0),IF(AND((BB15<>"" )+(BC15<>""),WEEKDAY(BB$1,2)=6),1,0),IF(AND((BD15<>"" )+(BE15<>""),WEEKDAY(BD$1,2)=6),1,0),IF(AND((BF15<>"" )+(BG15<>""),WEEKDAY(BF$1,2)=6),1,0)) -> 0
A16: R1 | B16: GEOVANI PEÑA | C16: LOS REYES | H16: 0.35486111 | I16: 0.20277778 | J16: 0.34027778 | K16: 0.1625 | L16: 0.34236111 | M16: 0.175 | N16: 0.36597222 | O16: 0.18541667 | T16: 0.32986111 | U16: 0.20486111 | V16: 0.33680556 | W16: 0.22638889 | X16: 0.34027778 | Y16: 0.20138889 | AA16: 0.22708333 | AH16: 0 | AI16: 0 | AJ16: 0.32708333 | AK16: 0.19791667 | AL16: 0.35208333 | AM16: 0.17986111 | AN16: 0.32916667 | AO16: 0.17638889 | AP16: 0.34097222 | AQ16: 0.20208333 | AV16: 0.32361111 | AW16: 0.22013889 | AX16: 0.32777778 | AZ16: 0.34722222 | BA16: 0.20347222 | BB16: 0.33472222 | BC16: 0.21736111 | BF16: 0.33541667 | BH16: =SUM(IF(AND(D16<>"",WEEKDAY(D$1,2)<6),1,0),IF(AND(F16<>"",WEEKDAY(F$1,2)<6),1,0),IF(AND(H16<>"",WEEKDAY(H$1,2)<6),1,0),IF(AND(J16<>"",WEEKDAY(J$1,2)<6),1,0),IF(AND(L16<>"",WEEKDAY(L$1,2)<6),1,0),IF(AND(N16<>"",WEEKDAY(N$1,2)<6),1,0),IF(AND(P16<>"",WEEKDAY(P$1,2)<6),1,0),IF(AND(R16<>"",WEEKDAY(R$1,2)<6),1,0),IF(AND(T16<>"",WEEKDAY(T$1,2)<6),1,0),IF(AND(V16<>"",WEEKDAY(V$1,2)<6),1,0),IF(AND(X16<>"",WEEKDAY(X$1,2)<6),1,0),IF(AND(Z16<>"",WEEKDAY(Z$1,2)<6),1,0),IF(AND(AB16<>"",WEEKDAY(AB$1,2)<6),1,0),IF(AND(AD16<>"",WEEKDAY(AD$1,2)<6),1,0),IF(AND(AF16<>"",WEEKDAY(AF$1,2)<6),1,0),IF(AND(AH16<>"",WEEKDAY(AH$1,2)<6),1,0),IF(AND(AJ16<>"",WEEKDAY(AJ$1,2)<6),1,0),IF(AND(AL16<>"",WEEKDAY(AL$1,2)<6),1,0),IF(AND(AN16<>"",WEEKDAY(AN$1,2)<6),1,0),IF(AND(AP16<>"",WEEKDAY(AP$1,2)<6),1,0),IF(AND(AR16<>"",WEEKDAY(AR$1,2)<6),1,0),IF(AND(AT16<>"",WEEKDAY(AT$1,2)<6),1,0),IF(AND(AV16<>"",WEEKDAY(AV$1,2)<6),1,0),IF(AND(AX16<>"",WEEKDAY(AX$1,2)<6),1,0),IF(AND(AZ16<>"",WEEKDAY(AZ$1,2)<6),1,0),IF(AND(BB16<>"",WEEKDAY(BB$1,2)<6),1,0),IF(AND(BD16<>"",WEEKDAY(BD$1,2)<6),1,0),IF(AND(BF16<>"",WEEKDAY(BF$1,2)<6),1,0)) -> 16 | BI16: =SUM(IF(AND(E16<>"",WEEKDAY(D$1,2)<6),1,0),IF(AND(G16<>"",WEEKDAY(F$1,2)<6),1,0),IF(AND(I16<>"",WEEKDAY(H$1,2)<6),1,0),IF(AND(K16<>"",WEEKDAY(J$1,2)<6),1,0),IF(AND(M16<>"",WEEKDAY(L$1,2)<6),1,0),IF(AND(O16<>"",WEEKDAY(N$1,2)<6),1,0),IF(AND(Q16<>"",WEEKDAY(P$1,2)<6),1,0),IF(AND(S16<>"",WEEKDAY(R$1,2)<6),1,0),IF(AND(U16<>"",WEEKDAY(T$1,2)<6),1,0),IF(AND(W16<>"",WEEKDAY(V$1,2)<6),1,0),IF(AND(Y16<>"",WEEKDAY(X$1,2)<6),1,0),IF(AND(AA16<>"",WEEKDAY(Z$1,2)<6),1,0),IF(AND(AC16<>"",WEEKDAY(AB$1,2)<6),1,0),IF(AND(AE16<>"",WEEKDAY(AD$1,2)<6),1,0),IF(AND(AG16<>"",WEEKDAY(AF$1,2)<6),1,0),IF(AND(AI16<>"",WEEKDAY(AH$1,2)<6),1,0),IF(AND(AK16<>"",WEEKDAY(AJ$1,2)<6),1,0),IF(AND(AM16<>"",WEEKDAY(AL$1,2)<6),1,0),IF(AND(AO16<>"",WEEKDAY(AN$1,2)<6),1,0),IF(AND(AQ16<>"",WEEKDAY(AP$1,2)<6),1,0),IF(AND(AS16<>"",WEEKDAY(AR$1,2)<6),1,0),IF(AND(AU16<>"",WEEKDAY(AT$1,2)<6),1,0),IF(AND(AW16<>"",WEEKDAY(AV$1,2)<6),1,0),IF(AND(AY16<>"",WEEKDAY(AX$1,2)<6),1,0),IF(AND(BA16<>"",WEEKDAY(AZ$1,2)<6),1,0),IF(AND(BC16<>"",WEEKDAY(BB$1,2)<6),1,0),IF(AND(BE16<>"",WEEKDAY(BD$1,2)<6),1,0),IF(AND(BG16<>"",WEEKDAY(BF$1,2)<6),1,0)) -> 16 | BJ16: =SUM(IF(AND((D16<>"" )+(E16<>""),WEEKDAY(D$1,2)=6),1,0),IF(AND((F16<>"" )+(G16<>""),WEEKDAY(F$1,2)=6),1,0),IF(AND((H16<>"" )+(I16<>""),WEEKDAY(H$1,2)=6),1,0),IF(AND((J16<>"" )+(K16<>""),WEEKDAY(J$1,2)=6),1,0),IF(AND((L16<>"" )+(M16<>""),WEEKDAY(L$1,2)=6),1,0),IF(AND((N16<>"" )+(O16<>""),WEEKDAY(N$1,2)=6),1,0),IF(AND((P16<>"" )+(Q16<>""),WEEKDAY(P$1,2)=6),1,0),IF(AND((R16<>"" )+(S16<>""),WEEKDAY(R$1,2)=6),1,0),IF(AND((T16<>"" )+(U16<>""),WEEKDAY(T$1,2)=6),1,0),IF(AND((V16<>"" )+(W16<>""),WEEKDAY(V$1,2)=6),1,0),IF(AND((X16<>"" )+(Y16<>""),WEEKDAY(X$1,2)=6),1,0),IF(AND((Z16<>"" )+(AA16<>""),WEEKDAY(Z$1,2)=6),1,0),IF(AND((AB16<>"" )+(AC16<>""),WEEKDAY(AB$1,2)=6),1,0),IF(AND((AD16<>"" )+(AE16<>""),WEEKDAY(AD$1,2)=6),1,0),IF(AND((AF16<>"" )+(AG16<>""),WEEKDAY(AF$1,2)=6),1,0),IF(AND((AH16<>"" )+(AI16<>""),WEEKDAY(AH$1,2)=6),1,0),IF(AND((AJ16<>"" )+(AK16<>""),WEEKDAY(AJ$1,2)=6),1,0),IF(AND((AL16<>"" )+(AM16<>""),WEEKDAY(AL$1,2)=6),1,0),IF(AND((AN16<>"" )+(AO16<>""),WEEKDAY(AN$1,2)=6),1,0),IF(AND((AP16<>"" )+(AQ16<>""),WEEKDAY(AP$1,2)=6),1,0),IF(AND((AR16<>"" )+(AS16<>""),WEEKDAY(AR$1,2)=6),1,0),IF(AND((AT16<>"" )+(AU16<>""),WEEKDAY(AT$1,2)=6),1,0),IF(AND((AV16<>"" )+(AW16<>""),WEEKDAY(AV$1,2)=6),1,0),IF(AND((AX16<>"" )+(AY16<>""),WEEKDAY(AX$1,2)=6),1,0),IF(AND((AZ16<>"" )+(BA16<>""),WEEKDAY(AZ$1,2)=6),1,0),IF(AND((BB16<>"" )+(BC16<>""),WEEKDAY(BB$1,2)=6),1,0),IF(AND((BD16<>"" )+(BE16<>""),WEEKDAY(BD$1,2)=6),1,0),IF(AND((BF16<>"" )+(BG16<>""),WEEKDAY(BF$1,2)=6),1,0)) -> 1
A17: R1 | B17: GEOVANI PEÑA | C17: IXTAPALUCA | Z17: 0.36388889 | BH17: =SUM(IF(AND(D17<>"",WEEKDAY(D$1,2)<6),1,0),IF(AND(F17<>"",WEEKDAY(F$1,2)<6),1,0),IF(AND(H17<>"",WEEKDAY(H$1,2)<6),1,0),IF(AND(J17<>"",WEEKDAY(J$1,2)<6),1,0),IF(AND(L17<>"",WEEKDAY(L$1,2)<6),1,0),IF(AND(N17<>"",WEEKDAY(N$1,2)<6),1,0),IF(AND(P17<>"",WEEKDAY(P$1,2)<6),1,0),IF(AND(R17<>"",WEEKDAY(R$1,2)<6),1,0),IF(AND(T17<>"",WEEKDAY(T$1,2)<6),1,0),IF(AND(V17<>"",WEEKDAY(V$1,2)<6),1,0),IF(AND(X17<>"",WEEKDAY(X$1,2)<6),1,0),IF(AND(Z17<>"",WEEKDAY(Z$1,2)<6),1,0),IF(AND(AB17<>"",WEEKDAY(AB$1,2)<6),1,0),IF(AND(AD17<>"",WEEKDAY(AD$1,2)<6),1,0),IF(AND(AF17<>"",WEEKDAY(AF$1,2)<6),1,0),IF(AND(AH17<>"",WEEKDAY(AH$1,2)<6),1,0),IF(AND(AJ17<>"",WEEKDAY(AJ$1,2)<6),1,0),IF(AND(AL17<>"",WEEKDAY(AL$1,2)<6),1,0),IF(AND(AN17<>"",WEEKDAY(AN$1,2)<6),1,0),IF(AND(AP17<>"",WEEKDAY(AP$1,2)<6),1,0),IF(AND(AR17<>"",WEEKDAY(AR$1,2)<6),1,0),IF(AND(AT17<>"",WEEKDAY(AT$1,2)<6),1,0),IF(AND(AV17<>"",WEEKDAY(AV$1,2)<6),1,0),IF(AND(AX17<>"",WEEKDAY(AX$1,2)<6),1,0),IF(AND(AZ17<>"",WEEKDAY(AZ$1,2)<6),1,0),IF(AND(BB17<>"",WEEKDAY(BB$1,2)<6),1,0),IF(AND(BD17<>"",WEEKDAY(BD$1,2)<6),1,0),IF(AND(BF17<>"",WEEKDAY(BF$1,2)<6),1,0)) -> 1 | BI17: =SUM(IF(AND(E17<>"",WEEKDAY(D$1,2)<6),1,0),IF(AND(G17<>"",WEEKDAY(F$1,2)<6),1,0),IF(AND(I17<>"",WEEKDAY(H$1,2)<6),1,0),IF(AND(K17<>"",WEEKDAY(J$1,2)<6),1,0),IF(AND(M17<>"",WEEKDAY(L$1,2)<6),1,0),IF(AND(O17<>"",WEEKDAY(N$1,2)<6),1,0),IF(AND(Q17<>"",WEEKDAY(P$1,2)<6),1,0),IF(AND(S17<>"",WEEKDAY(R$1,2)<6),1,0),IF(AND(U17<>"",WEEKDAY(T$1,2)<6),1,0),IF(AND(W17<>"",WEEKDAY(V$1,2)<6),1,0),IF(AND(Y17<>"",WEEKDAY(X$1,2)<6),1,0),IF(AND(AA17<>"",WEEKDAY(Z$1,2)<6),1,0),IF(AND(AC17<>"",WEEKDAY(AB$1,2)<6),1,0),IF(AND(AE17<>"",WEEKDAY(AD$1,2)<6),1,0),IF(AND(AG17<>"",WEEKDAY(AF$1,2)<6),1,0),IF(AND(AI17<>"",WEEKDAY(AH$1,2)<6),1,0),IF(AND(AK17<>"",WEEKDAY(AJ$1,2)<6),1,0),IF(AND(AM17<>"",WEEKDAY(AL$1,2)<6),1,0),IF(AND(AO17<>"",WEEKDAY(AN$1,2)<6),1,0),IF(AND(AQ17<>"",WEEKDAY(AP$1,2)<6),1,0),IF(AND(AS17<>"",WEEKDAY(AR$1,2)<6),1,0),IF(AND(AU17<>"",WEEKDAY(AT$1,2)<6),1,0),IF(AND(AW17<>"",WEEKDAY(AV$1,2)<6),1,0),IF(AND(AY17<>"",WEEKDAY(AX$1,2)<6),1,0),IF(AND(BA17<>"",WEEKDAY(AZ$1,2)<6),1,0),IF(AND(BC17<>"",WEEKDAY(BB$1,2)<6),1,0),IF(AND(BE17<>"",WEEKDAY(BD$1,2)<6),1,0),IF(AND(BG17<>"",WEEKDAY(BF$1,2)<6),1,0)) -> 0 | BJ17: =SUM(IF(AND((D17<>"" )+(E17<>""),WEEKDAY(D$1,2)=6),1,0),IF(AND((F17<>"" )+(G17<>""),WEEKDAY(F$1,2)=6),1,0),IF(AND((H17<>"" )+(I17<>""),WEEKDAY(H$1,2)=6),1,0),IF(AND((J17<>"" )+(K17<>""),WEEKDAY(J$1,2)=6),1,0),IF(AND((L17<>"" )+(M17<>""),WEEKDAY(L$1,2)=6),1,0),IF(AND((N17<>"" )+(O17<>""),WEEKDAY(N$1,2)=6),1,0),IF(AND((P17<>"" )+(Q17<>""),WEEKDAY(P$1,2)=6),1,0),IF(AND((R17<>"" )+(S17<>""),WEEKDAY(R$1,2)=6),1,0),IF(AND((T17<>"" )+(U17<>""),WEEKDAY(T$1,2)=6),1,0),IF(AND((V17<>"" )+(W17<>""),WEEKDAY(V$1,2)=6),1,0),IF(AND((X17<>"" )+(Y17<>""),WEEKDAY(X$1,2)=6),1,0),IF(AND((Z17<>"" )+(AA17<>""),WEEKDAY(Z$1,2)=6),1,0),IF(AND((AB17<>"" )+(AC17<>""),WEEKDAY(AB$1,2)=6),1,0),IF(AND((AD17<>"" )+(AE17<>""),WEEKDAY(AD$1,2)=6),1,0),IF(AND((AF17<>"" )+(AG17<>""),WEEKDAY(AF$1,2)=6),1,0),IF(AND((AH17<>"" )+(AI17<>""),WEEKDAY(AH$1,2)=6),1,0),IF(AND((AJ17<>"" )+(AK17<>""),WEEKDAY(AJ$1,2)=6),1,0),IF(AND((AL17<>"" )+(AM17<>""),WEEKDAY(AL$1,2)=6),1,0),IF(AND((AN17<>"" )+(AO17<>""),WEEKDAY(AN$1,2)=6),1,0),IF(AND((AP17<>"" )+(AQ17<>""),WEEKDAY(AP$1,2)=6),1,0),IF(AND((AR17<>"" )+(AS17<>""),WEEKDAY(AR$1,2)=6),1,0),IF(AND((AT17<>"" )+(AU17<>""),WEEKDAY(AT$1,2)=6),1,0),IF(AND((AV17<>"" )+(AW17<>""),WEEKDAY(AV$1,2)=6),1,0),IF(AND((AX17<>"" )+(AY17<>""),WEEKDAY(AX$1,2)=6),1,0),IF(AND((AZ17<>"" )+(BA17<>""),WEEKDAY(AZ$1,2)=6),1,0),IF(AND((BB17<>"" )+(BC17<>""),WEEKDAY(BB$1,2)=6),1,0),IF(AND((BD17<>"" )+(BE17<>""),WEEKDAY(BD$1,2)=6),1,0),IF(AND((BF17<>"" )+(BG17<>""),WEEKDAY(BF$1,2)=6),1,0)) -> 0
A18: R1 | B18: GEOVANI PEÑA | C18: IZTAPALAPA | BH18: =SUM(IF(AND(D18<>"",WEEKDAY(D$1,2)<6),1,0),IF(AND(F18<>"",WEEKDAY(F$1,2)<6),1,0),IF(AND(H18<>"",WEEKDAY(H$1,2)<6),1,0),IF(AND(J18<>"",WEEKDAY(J$1,2)<6),1,0),IF(AND(L18<>"",WEEKDAY(L$1,2)<6),1,0),IF(AND(N18<>"",WEEKDAY(N$1,2)<6),1,0),IF(AND(P18<>"",WEEKDAY(P$1,2)<6),1,0),IF(AND(R18<>"",WEEKDAY(R$1,2)<6),1,0),IF(AND(T18<>"",WEEKDAY(T$1,2)<6),1,0),IF(AND(V18<>"",WEEKDAY(V$1,2)<6),1,0),IF(AND(X18<>"",WEEKDAY(X$1,2)<6),1,0),IF(AND(Z18<>"",WEEKDAY(Z$1,2)<6),1,0),IF(AND(AB18<>"",WEEKDAY(AB$1,2)<6),1,0),IF(AND(AD18<>"",WEEKDAY(AD$1,2)<6),1,0),IF(AND(AF18<>"",WEEKDAY(AF$1,2)<6),1,0),IF(AND(AH18<>"",WEEKDAY(AH$1,2)<6),1,0),IF(AND(AJ18<>"",WEEKDAY(AJ$1,2)<6),1,0),IF(AND(AL18<>"",WEEKDAY(AL$1,2)<6),1,0),IF(AND(AN18<>"",WEEKDAY(AN$1,2)<6),1,0),IF(AND(AP18<>"",WEEKDAY(AP$1,2)<6),1,0),IF(AND(AR18<>"",WEEKDAY(AR$1,2)<6),1,0),IF(AND(AT18<>"",WEEKDAY(AT$1,2)<6),1,0),IF(AND(AV18<>"",WEEKDAY(AV$1,2)<6),1,0),IF(AND(AX18<>"",WEEKDAY(AX$1,2)<6),1,0),IF(AND(AZ18<>"",WEEKDAY(AZ$1,2)<6),1,0),IF(AND(BB18<>"",WEEKDAY(BB$1,2)<6),1,0),IF(AND(BD18<>"",WEEKDAY(BD$1,2)<6),1,0),IF(AND(BF18<>"",WEEKDAY(BF$1,2)<6),1,0)) -> 0 | BI18: =SUM(IF(AND(E18<>"",WEEKDAY(D$1,2)<6),1,0),IF(AND(G18<>"",WEEKDAY(F$1,2)<6),1,0),IF(AND(I18<>"",WEEKDAY(H$1,2)<6),1,0),IF(AND(K18<>"",WEEKDAY(J$1,2)<6),1,0),IF(AND(M18<>"",WEEKDAY(L$1,2)<6),1,0),IF(AND(O18<>"",WEEKDAY(N$1,2)<6),1,0),IF(AND(Q18<>"",WEEKDAY(P$1,2)<6),1,0),IF(AND(S18<>"",WEEKDAY(R$1,2)<6),1,0),IF(AND(U18<>"",WEEKDAY(T$1,2)<6),1,0),IF(AND(W18<>"",WEEKDAY(V$1,2)<6),1,0),IF(AND(Y18<>"",WEEKDAY(X$1,2)<6),1,0),IF(AND(AA18<>"",WEEKDAY(Z$1,2)<6),1,0),IF(AND(AC18<>"",WEEKDAY(AB$1,2)<6),1,0),IF(AND(AE18<>"",WEEKDAY(AD$1,2)<6),1,0),IF(AND(AG18<>"",WEEKDAY(AF$1,2)<6),1,0),IF(AND(AI18<>"",WEEKDAY(AH$1,2)<6),1,0),IF(AND(AK18<>"",WEEKDAY(AJ$1,2)<6),1,0),IF(AND(AM18<>"",WEEKDAY(AL$1,2)<6),1,0),IF(AND(AO18<>"",WEEKDAY(AN$1,2)<6),1,0),IF(AND(AQ18<>"",WEEKDAY(AP$1,2)<6),1,0),IF(AND(AS18<>"",WEEKDAY(AR$1,2)<6),1,0),IF(AND(AU18<>"",WEEKDAY(AT$1,2)<6),1,0),IF(AND(AW18<>"",WEEKDAY(AV$1,2)<6),1,0),IF(AND(AY18<>"",WEEKDAY(AX$1,2)<6),1,0),IF(AND(BA18<>"",WEEKDAY(AZ$1,2)<6),1,0),IF(AND(BC18<>"",WEEKDAY(BB$1,2)<6),1,0),IF(AND(BE18<>"",WEEKDAY(BD$1,2)<6),1,0),IF(AND(BG18<>"",WEEKDAY(BF$1,2)<6),1,0)) -> 0 | BJ18: =SUM(IF(AND((D18<>"" )+(E18<>""),WEEKDAY(D$1,2)=6),1,0),IF(AND((F18<>"" )+(G18<>""),WEEKDAY(F$1,2)=6),1,0),IF(AND((H18<>"" )+(I18<>""),WEEKDAY(H$1,2)=6),1,0),IF(AND((J18<>"" )+(K18<>""),WEEKDAY(J$1,2)=6),1,0),IF(AND((L18<>"" )+(M18<>""),WEEKDAY(L$1,2)=6),1,0),IF(AND((N18<>"" )+(O18<>""),WEEKDAY(N$1,2)=6),1,0),IF(AND((P18<>"" )+(Q18<>""),WEEKDAY(P$1,2)=6),1,0),IF(AND((R18<>"" )+(S18<>""),WEEKDAY(R$1,2)=6),1,0),IF(AND((T18<>"" )+(U18<>""),WEEKDAY(T$1,2)=6),1,0),IF(AND((V18<>"" )+(W18<>""),WEEKDAY(V$1,2)=6),1,0),IF(AND((X18<>"" )+(Y18<>""),WEEKDAY(X$1,2)=6),1,0),IF(AND((Z18<>"" )+(AA18<>""),WEEKDAY(Z$1,2)=6),1,0),IF(AND((AB18<>"" )+(AC18<>""),WEEKDAY(AB$1,2)=6),1,0),IF(AND((AD18<>"" )+(AE18<>""),WEEKDAY(AD$1,2)=6),1,0),IF(AND((AF18<>"" )+(AG18<>""),WEEKDAY(AF$1,2)=6),1,0),IF(AND((AH18<>"" )+(AI18<>""),WEEKDAY(AH$1,2)=6),1,0),IF(AND((AJ18<>"" )+(AK18<>""),WEEKDAY(AJ$1,2)=6),1,0),IF(AND((AL18<>"" )+(AM18<>""),WEEKDAY(AL$1,2)=6),1,0),IF(AND((AN18<>"" )+(AO18<>""),WEEKDAY(AN$1,2)=6),1,0),IF(AND((AP18<>"" )+(AQ18<>""),WEEKDAY(AP$1,2)=6),1,0),IF(AND((AR18<>"" )+(AS18<>""),WEEKDAY(AR$1,2)=6),1,0),IF(AND((AT18<>"" )+(AU18<>""),WEEKDAY(AT$1,2)=6),1,0),IF(AND((AV18<>"" )+(AW18<>""),WEEKDAY(AV$1,2)=6),1,0),IF(AND((AX18<>"" )+(AY18<>""),WEEKDAY(AX$1,2)=6),1,0),IF(AND((AZ18<>"" )+(BA18<>""),WEEKDAY(AZ$1,2)=6),1,0),IF(AND((BB18<>"" )+(BC18<>""),WEEKDAY(BB$1,2)=6),1,0),IF(AND((BD18<>"" )+(BE18<>""),WEEKDAY(BD$1,2)=6),1,0),IF(AND((BF18<>"" )+(BG18<>""),WEEKDAY(BF$1,2)=6),1,0)) -> 0
A19: R2 | B19: OMAR SANCHEZ | C19: TULTI PARK I | H19: 0.38194444 | I19: 0.13888889 | J19: 0.38541667 | K19: 0.12916667 | L19: 0.37916667 | M19: 0.13680556 | N19: 0.38194444 | O19: 0.14722222 | T19: 0.38263889 | U19: 0.14097222 | V19: 0.38125 | W19: 0.13194444 | X19: 0.38055556 | Y19: 0.14930556 | Z19: 0.38263889 | AA19: 0.14513889 | AB19: 0.38472222 | AC19: 0.14236111 | AD19: 0.43125 | AH19: 0.38125 | AI19: 0.14583333 | AJ19: 0.38055556 | AK19: 0.14513889 | AL19: 0.38333333 | AN19: 0.38125 | AO19: 0.15416667 | AP19: 0.38888889 | AQ19: 0.14444444 | AV19: 0.37847222 | AW19: 0.14166667 | AZ19: 0.38333333 | BB19: 0.38194444 | BC19: 0.14652778 | BD19: 0.38472222 | BE19: 0.14652778 | BF19: 0.39166667 | BH19: =SUM(IF(AND(D19<>"",WEEKDAY(D$1,2)<6),1,0),IF(AND(F19<>"",WEEKDAY(F$1,2)<6),1,0),IF(AND(H19<>"",WEEKDAY(H$1,2)<6),1,0),IF(AND(J19<>"",WEEKDAY(J$1,2)<6),1,0),IF(AND(L19<>"",WEEKDAY(L$1,2)<6),1,0),IF(AND(N19<>"",WEEKDAY(N$1,2)<6),1,0),IF(AND(P19<>"",WEEKDAY(P$1,2)<6),1,0),IF(AND(R19<>"",WEEKDAY(R$1,2)<6),1,0),IF(AND(T19<>"",WEEKDAY(T$1,2)<6),1,0),IF(AND(V19<>"",WEEKDAY(V$1,2)<6),1,0),IF(AND(X19<>"",WEEKDAY(X$1,2)<6),1,0),IF(AND(Z19<>"",WEEKDAY(Z$1,2)<6),1,0),IF(AND(AB19<>"",WEEKDAY(AB$1,2)<6),1,0),IF(AND(AD19<>"",WEEKDAY(AD$1,2)<6),1,0),IF(AND(AF19<>"",WEEKDAY(AF$1,2)<6),1,0),IF(AND(AH19<>"",WEEKDAY(AH$1,2)<6),1,0),IF(AND(AJ19<>"",WEEKDAY(AJ$1,2)<6),1,0),IF(AND(AL19<>"",WEEKDAY(AL$1,2)<6),1,0),IF(AND(AN19<>"",WEEKDAY(AN$1,2)<6),1,0),IF(AND(AP19<>"",WEEKDAY(AP$1,2)<6),1,0),IF(AND(AR19<>"",WEEKDAY(AR$1,2)<6),1,0),IF(AND(AT19<>"",WEEKDAY(AT$1,2)<6),1,0),IF(AND(AV19<>"",WEEKDAY(AV$1,2)<6),1,0),IF(AND(AX19<>"",WEEKDAY(AX$1,2)<6),1,0),IF(AND(AZ19<>"",WEEKDAY(AZ$1,2)<6),1,0),IF(AND(BB19<>"",WEEKDAY(BB$1,2)<6),1,0),IF(AND(BD19<>"",WEEKDAY(BD$1,2)<6),1,0),IF(AND(BF19<>"",WEEKDAY(BF$1,2)<6),1,0)) -> 18 | BI19: =SUM(IF(AND(E19<>"",WEEKDAY(D$1,2)<6),1,0),IF(AND(G19<>"",WEEKDAY(F$1,2)<6),1,0),IF(AND(I19<>"",WEEKDAY(H$1,2)<6),1,0),IF(AND(K19<>"",WEEKDAY(J$1,2)<6),1,0),IF(AND(M19<>"",WEEKDAY(L$1,2)<6),1,0),IF(AND(O19<>"",WEEKDAY(N$1,2)<6),1,0),IF(AND(Q19<>"",WEEKDAY(P$1,2)<6),1,0),IF(AND(S19<>"",WEEKDAY(R$1,2)<6),1,0),IF(AND(U19<>"",WEEKDAY(T$1,2)<6),1,0),IF(AND(W19<>"",WEEKDAY(V$1,2)<6),1,0),IF(AND(Y19<>"",WEEKDAY(X$1,2)<6),1,0),IF(AND(AA19<>"",WEEKDAY(Z$1,2)<6),1,0),IF(AND(AC19<>"",WEEKDAY(AB$1,2)<6),1,0),IF(AND(AE19<>"",WEEKDAY(AD$1,2)<6),1,0),IF(AND(AG19<>"",WEEKDAY(AF$1,2)<6),1,0),IF(AND(AI19<>"",WEEKDAY(AH$1,2)<6),1,0),IF(AND(AK19<>"",WEEKDAY(AJ$1,2)<6),1,0),IF(AND(AM19<>"",WEEKDAY(AL$1,2)<6),1,0),IF(AND(AO19<>"",WEEKDAY(AN$1,2)<6),1,0),IF(AND(AQ19<>"",WEEKDAY(AP$1,2)<6),1,0),IF(AND(AS19<>"",WEEKDAY(AR$1,2)<6),1,0),IF(AND(AU19<>"",WEEKDAY(AT$1,2)<6),1,0),IF(AND(AW19<>"",WEEKDAY(AV$1,2)<6),1,0),IF(AND(AY19<>"",WEEKDAY(AX$1,2)<6),1,0),IF(AND(BA19<>"",WEEKDAY(AZ$1,2)<6),1,0),IF(AND(BC19<>"",WEEKDAY(BB$1,2)<6),1,0),IF(AND(BE19<>"",WEEKDAY(BD$1,2)<6),1,0),IF(AND(BG19<>"",WEEKDAY(BF$1,2)<6),1,0)) -> 16 | BJ19: =SUM(IF(AND((D19<>"" )+(E19<>""),WEEKDAY(D$1,2)=6),1,0),IF(AND((F19<>"" )+(G19<>""),WEEKDAY(F$1,2)=6),1,0),IF(AND((H19<>"" )+(I19<>""),WEEKDAY(H$1,2)=6),1,0),IF(AND((J19<>"" )+(K19<>""),WEEKDAY(J$1,2)=6),1,0),IF(AND((L19<>"" )+(M19<>""),WEEKDAY(L$1,2)=6),1,0),IF(AND((N19<>"" )+(O19<>""),WEEKDAY(N$1,2)=6),1,0),IF(AND((P19<>"" )+(Q19<>""),WEEKDAY(P$1,2)=6),1,0),IF(AND((R19<>"" )+(S19<>""),WEEKDAY(R$1,2)=6),1,0),IF(AND((T19<>"" )+(U19<>""),WEEKDAY(T$1,2)=6),1,0),IF(AND((V19<>"" )+(W19<>""),WEEKDAY(V$1,2)=6),1,0),IF(AND((X19<>"" )+(Y19<>""),WEEKDAY(X$1,2)=6),1,0),IF(AND((Z19<>"" )+(AA19<>""),WEEKDAY(Z$1,2)=6),1,0),IF(AND((AB19<>"" )+(AC19<>""),WEEKDAY(AB$1,2)=6),1,0),IF(AND((AD19<>"" )+(AE19<>""),WEEKDAY(AD$1,2)=6),1,0),IF(AND((AF19<>"" )+(AG19<>""),WEEKDAY(AF$1,2)=6),1,0),IF(AND((AH19<>"" )+(AI19<>""),WEEKDAY(AH$1,2)=6),1,0),IF(AND((AJ19<>"" )+(AK19<>""),WEEKDAY(AJ$1,2)=6),1,0),IF(AND((AL19<>"" )+(AM19<>""),WEEKDAY(AL$1,2)=6),1,0),IF(AND((AN19<>"" )+(AO19<>""),WEEKDAY(AN$1,2)=6),1,0),IF(AND((AP19<>"" )+(AQ19<>""),WEEKDAY(AP$1,2)=6),1,0),IF(AND((AR19<>"" )+(AS19<>""),WEEKDAY(AR$1,2)=6),1,0),IF(AND((AT19<>"" )+(AU19<>""),WEEKDAY(AT$1,2)=6),1,0),IF(AND((AV19<>"" )+(AW19<>""),WEEKDAY(AV$1,2)=6),1,0),IF(AND((AX19<>"" )+(AY19<>""),WEEKDAY(AX$1,2)=6),1,0),IF(AND((AZ19<>"" )+(BA19<>""),WEEKDAY(AZ$1,2)=6),1,0),IF(AND((BB19<>"" )+(BC19<>""),WEEKDAY(BB$1,2)=6),1,0),IF(AND((BD19<>"" )+(BE19<>""),WEEKDAY(BD$1,2)=6),1,0),IF(AND((BF19<>"" )+(BG19<>""),WEEKDAY(BF$1,2)=6),1,0)) -> 2
A20: R2 | B20: ARTURO ESPINOSA | C20: JAMES WATT | H20: 0.35 | I20: 0.14375 | J20: 0.35555556 | K20: 0.12847222 | L20: 0.35972222 | M20: 0.12916667 | N20: 0.35486111 | O20: 0.13819444 | P20: 0.30833333 | T20: 0.34027778 | U20: 0.15833333 | V20: 0.37430556 | W20: 0.12638889 | X20: 0.36319444 | Y20: 0.12638889 | Z20: 0.35694444 | AA20: 0.15625 | AD20: 0.38680556 | AH20: 0.35902778 | AI20: 0.15277778 | AJ20: 0.35694444 | AK20: 0.13958333 | AL20: 0.35416667 | AM20: 0.12916667 | AN20: 0.34930556 | AO20: 0.12569444 | AP20: 0.34513889 | AQ20: 0.12777778 | AR20: 0.34583333 | AV20: 0.34791667 | AW20: 0.16111111 | AX20: 0.34722222 | AY20: 0.15555556 | AZ20: 0.35208333 | BA20: 0.14305556 | BB20: 0.34930556 | BC20: 0.13958333 | BD20: 0.35 | BE20: 0.15763889 | BF20: 0.40972222 | BH20: =SUM(IF(AND(D20<>"",WEEKDAY(D$1,2)<6),1,0),IF(AND(F20<>"",WEEKDAY(F$1,2)<6),1,0),IF(AND(H20<>"",WEEKDAY(H$1,2)<6),1,0),IF(AND(J20<>"",WEEKDAY(J$1,2)<6),1,0),IF(AND(L20<>"",WEEKDAY(L$1,2)<6),1,0),IF(AND(N20<>"",WEEKDAY(N$1,2)<6),1,0),IF(AND(P20<>"",WEEKDAY(P$1,2)<6),1,0),IF(AND(R20<>"",WEEKDAY(R$1,2)<6),1,0),IF(AND(T20<>"",WEEKDAY(T$1,2)<6),1,0),IF(AND(V20<>"",WEEKDAY(V$1,2)<6),1,0),IF(AND(X20<>"",WEEKDAY(X$1,2)<6),1,0),IF(AND(Z20<>"",WEEKDAY(Z$1,2)<6),1,0),IF(AND(AB20<>"",WEEKDAY(AB$1,2)<6),1,0),IF(AND(AD20<>"",WEEKDAY(AD$1,2)<6),1,0),IF(AND(AF20<>"",WEEKDAY(AF$1,2)<6),1,0),IF(AND(AH20<>"",WEEKDAY(AH$1,2)<6),1,0),IF(AND(AJ20<>"",WEEKDAY(AJ$1,2)<6),1,0),IF(AND(AL20<>"",WEEKDAY(AL$1,2)<6),1,0),IF(AND(AN20<>"",WEEKDAY(AN$1,2)<6),1,0),IF(AND(AP20<>"",WEEKDAY(AP$1,2)<6),1,0),IF(AND(AR20<>"",WEEKDAY(AR$1,2)<6),1,0),IF(AND(AT20<>"",WEEKDAY(AT$1,2)<6),1,0),IF(AND(AV20<>"",WEEKDAY(AV$1,2)<6),1,0),IF(AND(AX20<>"",WEEKDAY(AX$1,2)<6),1,0),IF(AND(AZ20<>"",WEEKDAY(AZ$1,2)<6),1,0),IF(AND(BB20<>"",WEEKDAY(BB$1,2)<6),1,0),IF(AND(BD20<>"",WEEKDAY(BD$1,2)<6),1,0),IF(AND(BF20<>"",WEEKDAY(BF$1,2)<6),1,0)) -> 18 | BI20: =SUM(IF(AND(E20<>"",WEEKDAY(D$1,2)<6),1,0),IF(AND(G20<>"",WEEKDAY(F$1,2)<6),1,0),IF(AND(I20<>"",WEEKDAY(H$1,2)<6),1,0),IF(AND(K20<>"",WEEKDAY(J$1,2)<6),1,0),IF(AND(M20<>"",WEEKDAY(L$1,2)<6),1,0),IF(AND(O20<>"",WEEKDAY(N$1,2)<6),1,0),IF(AND(Q20<>"",WEEKDAY(P$1,2)<6),1,0),IF(AND(S20<>"",WEEKDAY(R$1,2)<6),1,0),IF(AND(U20<>"",WEEKDAY(T$1,2)<6),1,0),IF(AND(W20<>"",WEEKDAY(V$1,2)<6),1,0),IF(AND(Y20<>"",WEEKDAY(X$1,2)<6),1,0),IF(AND(AA20<>"",WEEKDAY(Z$1,2)<6),1,0),IF(AND(AC20<>"",WEEKDAY(AB$1,2)<6),1,0),IF(AND(AE20<>"",WEEKDAY(AD$1,2)<6),1,0),IF(AND(AG20<>"",WEEKDAY(AF$1,2)<6),1,0),IF(AND(AI20<>"",WEEKDAY(AH$1,2)<6),1,0),IF(AND(AK20<>"",WEEKDAY(AJ$1,2)<6),1,0),IF(AND(AM20<>"",WEEKDAY(AL$1,2)<6),1,0),IF(AND(AO20<>"",WEEKDAY(AN$1,2)<6),1,0),IF(AND(AQ20<>"",WEEKDAY(AP$1,2)<6),1,0),IF(AND(AS20<>"",WEEKDAY(AR$1,2)<6),1,0),IF(AND(AU20<>"",WEEKDAY(AT$1,2)<6),1,0),IF(AND(AW20<>"",WEEKDAY(AV$1,2)<6),1,0),IF(AND(AY20<>"",WEEKDAY(AX$1,2)<6),1,0),IF(AND(BA20<>"",WEEKDAY(AZ$1,2)<6),1,0),IF(AND(BC20<>"",WEEKDAY(BB$1,2)<6),1,0),IF(AND(BE20<>"",WEEKDAY(BD$1,2)<6),1,0),IF(AND(BG20<>"",WEEKDAY(BF$1,2)<6),1,0)) -> 18 | BJ20: =SUM(IF(AND((D20<>"" )+(E20<>""),WEEKDAY(D$1,2)=6),1,0),IF(AND((F20<>"" )+(G20<>""),WEEKDAY(F$1,2)=6),1,0),IF(AND((H20<>"" )+(I20<>""),WEEKDAY(H$1,2)=6),1,0),IF(AND((J20<>"" )+(K20<>""),WEEKDAY(J$1,2)=6),1,0),IF(AND((L20<>"" )+(M20<>""),WEEKDAY(L$1,2)=6),1,0),IF(AND((N20<>"" )+(O20<>""),WEEKDAY(N$1,2)=6),1,0),IF(AND((P20<>"" )+(Q20<>""),WEEKDAY(P$1,2)=6),1,0),IF(AND((R20<>"" )+(S20<>""),WEEKDAY(R$1,2)=6),1,0),IF(AND((T20<>"" )+(U20<>""),WEEKDAY(T$1,2)=6),1,0),IF(AND((V20<>"" )+(W20<>""),WEEKDAY(V$1,2)=6),1,0),IF(AND((X20<>"" )+(Y20<>""),WEEKDAY(X$1,2)=6),1,0),IF(AND((Z20<>"" )+(AA20<>""),WEEKDAY(Z$1,2)=6),1,0),IF(AND((AB20<>"" )+(AC20<>""),WEEKDAY(AB$1,2)=6),1,0),IF(AND((AD20<>"" )+(AE20<>""),WEEKDAY(AD$1,2)=6),1,0),IF(AND((AF20<>"" )+(AG20<>""),WEEKDAY(AF$1,2)=6),1,0),IF(AND((AH20<>"" )+(AI20<>""),WEEKDAY(AH$1,2)=6),1,0),IF(AND((AJ20<>"" )+(AK20<>""),WEEKDAY(AJ$1,2)=6),1,0),IF(AND((AL20<>"" )+(AM20<>""),WEEKDAY(AL$1,2)=6),1,0),IF(AND((AN20<>"" )+(AO20<>""),WEEKDAY(AN$1,2)=6),1,0),IF(AND((AP20<>"" )+(AQ20<>""),WEEKDAY(AP$1,2)=6),1,0),IF(AND((AR20<>"" )+(AS20<>""),WEEKDAY(AR$1,2)=6),1,0),IF(AND((AT20<>"" )+(AU20<>""),WEEKDAY(AT$1,2)=6),1,0),IF(AND((AV20<>"" )+(AW20<>""),WEEKDAY(AV$1,2)=6),1,0),IF(AND((AX20<>"" )+(AY20<>""),WEEKDAY(AX$1,2)=6),1,0),IF(AND((AZ20<>"" )+(BA20<>""),WEEKDAY(AZ$1,2)=6),1,0),IF(AND((BB20<>"" )+(BC20<>""),WEEKDAY(BB$1,2)=6),1,0),IF(AND((BD20<>"" )+(BE20<>""),WEEKDAY(BD$1,2)=6),1,0),IF(AND((BF20<>"" )+(BG20<>""),WEEKDAY(BF$1,2)=6),1,0)) -> 4
A21: R2 | B21: ARTURO VALERIO | C21: LA PALMA | H21: 0.3625 | L21: 0.34444444 | T21: 0.35763889 | W21: 0.17708333 | Z21: 0.36944444 | AB21: 0.35625 | AH21: 0.34513889 | AL21: 0.35625 | AN21: 0.37152778 | AP21: 0.35 | AV21: 0.35069444 | AW21: 0.1875 | BD21: 0.33888889 | BH21: =SUM(IF(AND(D21<>"",WEEKDAY(D$1,2)<6),1,0),IF(AND(F21<>"",WEEKDAY(F$1,2)<6),1,0),IF(AND(H21<>"",WEEKDAY(H$1,2)<6),1,0),IF(AND(J21<>"",WEEKDAY(J$1,2)<6),1,0),IF(AND(L21<>"",WEEKDAY(L$1,2)<6),1,0),IF(AND(N21<>"",WEEKDAY(N$1,2)<6),1,0),IF(AND(P21<>"",WEEKDAY(P$1,2)<6),1,0),IF(AND(R21<>"",WEEKDAY(R$1,2)<6),1,0),IF(AND(T21<>"",WEEKDAY(T$1,2)<6),1,0),IF(AND(V21<>"",WEEKDAY(V$1,2)<6),1,0),IF(AND(X21<>"",WEEKDAY(X$1,2)<6),1,0),IF(AND(Z21<>"",WEEKDAY(Z$1,2)<6),1,0),IF(AND(AB21<>"",WEEKDAY(AB$1,2)<6),1,0),IF(AND(AD21<>"",WEEKDAY(AD$1,2)<6),1,0),IF(AND(AF21<>"",WEEKDAY(AF$1,2)<6),1,0),IF(AND(AH21<>"",WEEKDAY(AH$1,2)<6),1,0),IF(AND(AJ21<>"",WEEKDAY(AJ$1,2)<6),1,0),IF(AND(AL21<>"",WEEKDAY(AL$1,2)<6),1,0),IF(AND(AN21<>"",WEEKDAY(AN$1,2)<6),1,0),IF(AND(AP21<>"",WEEKDAY(AP$1,2)<6),1,0),IF(AND(AR21<>"",WEEKDAY(AR$1,2)<6),1,0),IF(AND(AT21<>"",WEEKDAY(AT$1,2)<6),1,0),IF(AND(AV21<>"",WEEKDAY(AV$1,2)<6),1,0),IF(AND(AX21<>"",WEEKDAY(AX$1,2)<6),1,0),IF(AND(AZ21<>"",WEEKDAY(AZ$1,2)<6),1,0),IF(AND(BB21<>"",WEEKDAY(BB$1,2)<6),1,0),IF(AND(BD21<>"",WEEKDAY(BD$1,2)<6),1,0),IF(AND(BF21<>"",WEEKDAY(BF$1,2)<6),1,0)) -> 11 | BI21: =SUM(IF(AND(E21<>"",WEEKDAY(D$1,2)<6),1,0),IF(AND(G21<>"",WEEKDAY(F$1,2)<6),1,0),IF(AND(I21<>"",WEEKDAY(H$1,2)<6),1,0),IF(AND(K21<>"",WEEKDAY(J$1,2)<6),1,0),IF(AND(M21<>"",WEEKDAY(L$1,2)<6),1,0),IF(AND(O21<>"",WEEKDAY(N$1,2)<6),1,0),IF(AND(Q21<>"",WEEKDAY(P$1,2)<6),1,0),IF(AND(S21<>"",WEEKDAY(R$1,2)<6),1,0),IF(AND(U21<>"",WEEKDAY(T$1,2)<6),1,0),IF(AND(W21<>"",WEEKDAY(V$1,2)<6),1,0),IF(AND(Y21<>"",WEEKDAY(X$1,2)<6),1,0),IF(AND(AA21<>"",WEEKDAY(Z$1,2)<6),1,0),IF(AND(AC21<>"",WEEKDAY(AB$1,2)<6),1,0),IF(AND(AE21<>"",WEEKDAY(AD$1,2)<6),1,0),IF(AND(AG21<>"",WEEKDAY(AF$1,2)<6),1,0),IF(AND(AI21<>"",WEEKDAY(AH$1,2)<6),1,0),IF(AND(AK21<>"",WEEKDAY(AJ$1,2)<6),1,0),IF(AND(AM21<>"",WEEKDAY(AL$1,2)<6),1,0),IF(AND(AO21<>"",WEEKDAY(AN$1,2)<6),1,0),IF(AND(AQ21<>"",WEEKDAY(AP$1,2)<6),1,0),IF(AND(AS21<>"",WEEKDAY(AR$1,2)<6),1,0),IF(AND(AU21<>"",WEEKDAY(AT$1,2)<6),1,0),IF(AND(AW21<>"",WEEKDAY(AV$1,2)<6),1,0),IF(AND(AY21<>"",WEEKDAY(AX$1,2)<6),1,0),IF(AND(BA21<>"",WEEKDAY(AZ$1,2)<6),1,0),IF(AND(BC21<>"",WEEKDAY(BB$1,2)<6),1,0),IF(AND(BE21<>"",WEEKDAY(BD$1,2)<6),1,0),IF(AND(BG21<>"",WEEKDAY(BF$1,2)<6),1,0)) -> 2 | BJ21: =SUM(IF(AND((D21<>"" )+(E21<>""),WEEKDAY(D$1,2)=6),1,0),IF(AND((F21<>"" )+(G21<>""),WEEKDAY(F$1,2)=6),1,0),IF(AND((H21<>"" )+(I21<>""),WEEKDAY(H$1,2)=6),1,0),IF(AND((J21<>"" )+(K21<>""),WEEKDAY(J$1,2)=6),1,0),IF(AND((L21<>"" )+(M21<>""),WEEKDAY(L$1,2)=6),1,0),IF(AND((N21<>"" )+(O21<>""),WEEKDAY(N$1,2)=6),1,0),IF(AND((P21<>"" )+(Q21<>""),WEEKDAY(P$1,2)=6),1,0),IF(AND((R21<>"" )+(S21<>""),WEEKDAY(R$1,2)=6),1,0),IF(AND((T21<>"" )+(U21<>""),WEEKDAY(T$1,2)=6),1,0),IF(AND((V21<>"" )+(W21<>""),WEEKDAY(V$1,2)=6),1,0),IF(AND((X21<>"" )+(Y21<>""),WEEKDAY(X$1,2)=6),1,0),IF(AND((Z21<>"" )+(AA21<>""),WEEKDAY(Z$1,2)=6),1,0),IF(AND((AB21<>"" )+(AC21<>""),WEEKDAY(AB$1,2)=6),1,0),IF(AND((AD21<>"" )+(AE21<>""),WEEKDAY(AD$1,2)=6),1,0),IF(AND((AF21<>"" )+(AG21<>""),WEEKDAY(AF$1,2)=6),1,0),IF(AND((AH21<>"" )+(AI21<>""),WEEKDAY(AH$1,2)=6),1,0),IF(AND((AJ21<>"" )+(AK21<>""),WEEKDAY(AJ$1,2)=6),1,0),IF(AND((AL21<>"" )+(AM21<>""),WEEKDAY(AL$1,2)=6),1,0),IF(AND((AN21<>"" )+(AO21<>""),WEEKDAY(AN$1,2)=6),1,0),IF(AND((AP21<>"" )+(AQ21<>""),WEEKDAY(AP$1,2)=6),1,0),IF(AND((AR21<>"" )+(AS21<>""),WEEKDAY(AR$1,2)=6),1,0),IF(AND((AT21<>"" )+(AU21<>""),WEEKDAY(AT$1,2)=6),1,0),IF(AND((AV21<>"" )+(AW21<>""),WEEKDAY(AV$1,2)=6),1,0),IF(AND((AX21<>"" )+(AY21<>""),WEEKDAY(AX$1,2)=6),1,0),IF(AND((AZ21<>"" )+(BA21<>""),WEEKDAY(AZ$1,2)=6),1,0),IF(AND((BB21<>"" )+(BC21<>""),WEEKDAY(BB$1,2)=6),1,0),IF(AND((BD21<>"" )+(BE21<>""),WEEKDAY(BD$1,2)=6),1,0),IF(AND((BF21<>"" )+(BG21<>""),WEEKDAY(BF$1,2)=6),1,0)) -> 0
A22: R2 | B22: ARTURO VALERIO | C22: LA JOYA I Y II | J22: 0.34444444 | V22: 0.34930556 | AZ22: 0.35347222 | BH22: =SUM(IF(AND(D22<>"",WEEKDAY(D$1,2)<6),1,0),IF(AND(F22<>"",WEEKDAY(F$1,2)<6),1,0),IF(AND(H22<>"",WEEKDAY(H$1,2)<6),1,0),IF(AND(J22<>"",WEEKDAY(J$1,2)<6),1,0),IF(AND(L22<>"",WEEKDAY(L$1,2)<6),1,0),IF(AND(N22<>"",WEEKDAY(N$1,2)<6),1,0),IF(AND(P22<>"",WEEKDAY(P$1,2)<6),1,0),IF(AND(R22<>"",WEEKDAY(R$1,2)<6),1,0),IF(AND(T22<>"",WEEKDAY(T$1,2)<6),1,0),IF(AND(V22<>"",WEEKDAY(V$1,2)<6),1,0),IF(AND(X22<>"",WEEKDAY(X$1,2)<6),1,0),IF(AND(Z22<>"",WEEKDAY(Z$1,2)<6),1,0),IF(AND(AB22<>"",WEEKDAY(AB$1,2)<6),1,0),IF(AND(AD22<>"",WEEKDAY(AD$1,2)<6),1,0),IF(AND(AF22<>"",WEEKDAY(AF$1,2)<6),1,0),IF(AND(AH22<>"",WEEKDAY(AH$1,2)<6),1,0),IF(AND(AJ22<>"",WEEKDAY(AJ$1,2)<6),1,0),IF(AND(AL22<>"",WEEKDAY(AL$1,2)<6),1,0),IF(AND(AN22<>"",WEEKDAY(AN$1,2)<6),1,0),IF(AND(AP22<>"",WEEKDAY(AP$1,2)<6),1,0),IF(AND(AR22<>"",WEEKDAY(AR$1,2)<6),1,0),IF(AND(AT22<>"",WEEKDAY(AT$1,2)<6),1,0),IF(AND(AV22<>"",WEEKDAY(AV$1,2)<6),1,0),IF(AND(AX22<>"",WEEKDAY(AX$1,2)<6),1,0),IF(AND(AZ22<>"",WEEKDAY(AZ$1,2)<6),1,0),IF(AND(BB22<>"",WEEKDAY(BB$1,2)<6),1,0),IF(AND(BD22<>"",WEEKDAY(BD$1,2)<6),1,0),IF(AND(BF22<>"",WEEKDAY(BF$1,2)<6),1,0)) -> 3 | BI22: =SUM(IF(AND(E22<>"",WEEKDAY(D$1,2)<6),1,0),IF(AND(G22<>"",WEEKDAY(F$1,2)<6),1,0),IF(AND(I22<>"",WEEKDAY(H$1,2)<6),1,0),IF(AND(K22<>"",WEEKDAY(J$1,2)<6),1,0),IF(AND(M22<>"",WEEKDAY(L$1,2)<6),1,0),IF(AND(O22<>"",WEEKDAY(N$1,2)<6),1,0),IF(AND(Q22<>"",WEEKDAY(P$1,2)<6),1,0),IF(AND(S22<>"",WEEKDAY(R$1,2)<6),1,0),IF(AND(U22<>"",WEEKDAY(T$1,2)<6),1,0),IF(AND(W22<>"",WEEKDAY(V$1,2)<6),1,0),IF(AND(Y22<>"",WEEKDAY(X$1,2)<6),1,0),IF(AND(AA22<>"",WEEKDAY(Z$1,2)<6),1,0),IF(AND(AC22<>"",WEEKDAY(AB$1,2)<6),1,0),IF(AND(AE22<>"",WEEKDAY(AD$1,2)<6),1,0),IF(AND(AG22<>"",WEEKDAY(AF$1,2)<6),1,0),IF(AND(AI22<>"",WEEKDAY(AH$1,2)<6),1,0),IF(AND(AK22<>"",WEEKDAY(AJ$1,2)<6),1,0),IF(AND(AM22<>"",WEEKDAY(AL$1,2)<6),1,0),IF(AND(AO22<>"",WEEKDAY(AN$1,2)<6),1,0),IF(AND(AQ22<>"",WEEKDAY(AP$1,2)<6),1,0),IF(AND(AS22<>"",WEEKDAY(AR$1,2)<6),1,0),IF(AND(AU22<>"",WEEKDAY(AT$1,2)<6),1,0),IF(AND(AW22<>"",WEEKDAY(AV$1,2)<6),1,0),IF(AND(AY22<>"",WEEKDAY(AX$1,2)<6),1,0),IF(AND(BA22<>"",WEEKDAY(AZ$1,2)<6),1,0),IF(AND(BC22<>"",WEEKDAY(BB$1,2)<6),1,0),IF(AND(BE22<>"",WEEKDAY(BD$1,2)<6),1,0),IF(AND(BG22<>"",WEEKDAY(BF$1,2)<6),1,0)) -> 0 | BJ22: =SUM(IF(AND((D22<>"" )+(E22<>""),WEEKDAY(D$1,2)=6),1,0),IF(AND((F22<>"" )+(G22<>""),WEEKDAY(F$1,2)=6),1,0),IF(AND((H22<>"" )+(I22<>""),WEEKDAY(H$1,2)=6),1,0),IF(AND((J22<>"" )+(K22<>""),WEEKDAY(J$1,2)=6),1,0),IF(AND((L22<>"" )+(M22<>""),WEEKDAY(L$1,2)=6),1,0),IF(AND((N22<>"" )+(O22<>""),WEEKDAY(N$1,2)=6),1,0),IF(AND((P22<>"" )+(Q22<>""),WEEKDAY(P$1,2)=6),1,0),IF(AND((R22<>"" )+(S22<>""),WEEKDAY(R$1,2)=6),1,0),IF(AND((T22<>"" )+(U22<>""),WEEKDAY(T$1,2)=6),1,0),IF(AND((V22<>"" )+(W22<>""),WEEKDAY(V$1,2)=6),1,0),IF(AND((X22<>"" )+(Y22<>""),WEEKDAY(X$1,2)=6),1,0),IF(AND((Z22<>"" )+(AA22<>""),WEEKDAY(Z$1,2)=6),1,0),IF(AND((AB22<>"" )+(AC22<>""),WEEKDAY(AB$1,2)=6),1,0),IF(AND((AD22<>"" )+(AE22<>""),WEEKDAY(AD$1,2)=6),1,0),IF(AND((AF22<>"" )+(AG22<>""),WEEKDAY(AF$1,2)=6),1,0),IF(AND((AH22<>"" )+(AI22<>""),WEEKDAY(AH$1,2)=6),1,0),IF(AND((AJ22<>"" )+(AK22<>""),WEEKDAY(AJ$1,2)=6),1,0),IF(AND((AL22<>"" )+(AM22<>""),WEEKDAY(AL$1,2)=6),1,0),IF(AND((AN22<>"" )+(AO22<>""),WEEKDAY(AN$1,2)=6),1,0),IF(AND((AP22<>"" )+(AQ22<>""),WEEKDAY(AP$1,2)=6),1,0),IF(AND((AR22<>"" )+(AS22<>""),WEEKDAY(AR$1,2)=6),1,0),IF(AND((AT22<>"" )+(AU22<>""),WEEKDAY(AT$1,2)=6),1,0),IF(AND((AV22<>"" )+(AW22<>""),WEEKDAY(AV$1,2)=6),1,0),IF(AND((AX22<>"" )+(AY22<>""),WEEKDAY(AX$1,2)=6),1,0),IF(AND((AZ22<>"" )+(BA22<>""),WEEKDAY(AZ$1,2)=6),1,0),IF(AND((BB22<>"" )+(BC22<>""),WEEKDAY(BB$1,2)=6),1,0),IF(AND((BD22<>"" )+(BE22<>""),WEEKDAY(BD$1,2)=6),1,0),IF(AND((BF22<>"" )+(BG22<>""),WEEKDAY(BF$1,2)=6),1,0)) -> 0
A23: R2 | B23: ARTURO VALERIO | C23: LA JOYA III | X23: 0.38541667 | AO23: 0.20069444 | BF23: 0.41666667 | BH23: =SUM(IF(AND(D23<>"",WEEKDAY(D$1,2)<6),1,0),IF(AND(F23<>"",WEEKDAY(F$1,2)<6),1,0),IF(AND(H23<>"",WEEKDAY(H$1,2)<6),1,0),IF(AND(J23<>"",WEEKDAY(J$1,2)<6),1,0),IF(AND(L23<>"",WEEKDAY(L$1,2)<6),1,0),IF(AND(N23<>"",WEEKDAY(N$1,2)<6),1,0),IF(AND(P23<>"",WEEKDAY(P$1,2)<6),1,0),IF(AND(R23<>"",WEEKDAY(R$1,2)<6),1,0),IF(AND(T23<>"",WEEKDAY(T$1,2)<6),1,0),IF(AND(V23<>"",WEEKDAY(V$1,2)<6),1,0),IF(AND(X23<>"",WEEKDAY(X$1,2)<6),1,0),IF(AND(Z23<>"",WEEKDAY(Z$1,2)<6),1,0),IF(AND(AB23<>"",WEEKDAY(AB$1,2)<6),1,0),IF(AND(AD23<>"",WEEKDAY(AD$1,2)<6),1,0),IF(AND(AF23<>"",WEEKDAY(AF$1,2)<6),1,0),IF(AND(AH23<>"",WEEKDAY(AH$1,2)<6),1,0),IF(AND(AJ23<>"",WEEKDAY(AJ$1,2)<6),1,0),IF(AND(AL23<>"",WEEKDAY(AL$1,2)<6),1,0),IF(AND(AN23<>"",WEEKDAY(AN$1,2)<6),1,0),IF(AND(AP23<>"",WEEKDAY(AP$1,2)<6),1,0),IF(AND(AR23<>"",WEEKDAY(AR$1,2)<6),1,0),IF(AND(AT23<>"",WEEKDAY(AT$1,2)<6),1,0),IF(AND(AV23<>"",WEEKDAY(AV$1,2)<6),1,0),IF(AND(AX23<>"",WEEKDAY(AX$1,2)<6),1,0),IF(AND(AZ23<>"",WEEKDAY(AZ$1,2)<6),1,0),IF(AND(BB23<>"",WEEKDAY(BB$1,2)<6),1,0),IF(AND(BD23<>"",WEEKDAY(BD$1,2)<6),1,0),IF(AND(BF23<>"",WEEKDAY(BF$1,2)<6),1,0)) -> 1 | BI23: =SUM(IF(AND(E23<>"",WEEKDAY(D$1,2)<6),1,0),IF(AND(G23<>"",WEEKDAY(F$1,2)<6),1,0),IF(AND(I23<>"",WEEKDAY(H$1,2)<6),1,0),IF(AND(K23<>"",WEEKDAY(J$1,2)<6),1,0),IF(AND(M23<>"",WEEKDAY(L$1,2)<6),1,0),IF(AND(O23<>"",WEEKDAY(N$1,2)<6),1,0),IF(AND(Q23<>"",WEEKDAY(P$1,2)<6),1,0),IF(AND(S23<>"",WEEKDAY(R$1,2)<6),1,0),IF(AND(U23<>"",WEEKDAY(T$1,2)<6),1,0),IF(AND(W23<>"",WEEKDAY(V$1,2)<6),1,0),IF(AND(Y23<>"",WEEKDAY(X$1,2)<6),1,0),IF(AND(AA23<>"",WEEKDAY(Z$1,2)<6),1,0),IF(AND(AC23<>"",WEEKDAY(AB$1,2)<6),1,0),IF(AND(AE23<>"",WEEKDAY(AD$1,2)<6),1,0),IF(AND(AG23<>"",WEEKDAY(AF$1,2)<6),1,0),IF(AND(AI23<>"",WEEKDAY(AH$1,2)<6),1,0),IF(AND(AK23<>"",WEEKDAY(AJ$1,2)<6),1,0),IF(AND(AM23<>"",WEEKDAY(AL$1,2)<6),1,0),IF(AND(AO23<>"",WEEKDAY(AN$1,2)<6),1,0),IF(AND(AQ23<>"",WEEKDAY(AP$1,2)<6),1,0),IF(AND(AS23<>"",WEEKDAY(AR$1,2)<6),1,0),IF(AND(AU23<>"",WEEKDAY(AT$1,2)<6),1,0),IF(AND(AW23<>"",WEEKDAY(AV$1,2)<6),1,0),IF(AND(AY23<>"",WEEKDAY(AX$1,2)<6),1,0),IF(AND(BA23<>"",WEEKDAY(AZ$1,2)<6),1,0),IF(AND(BC23<>"",WEEKDAY(BB$1,2)<6),1,0),IF(AND(BE23<>"",WEEKDAY(BD$1,2)<6),1,0),IF(AND(BG23<>"",WEEKDAY(BF$1,2)<6),1,0)) -> 1 | BJ23: =SUM(IF(AND((D23<>"" )+(E23<>""),WEEKDAY(D$1,2)=6),1,0),IF(AND((F23<>"" )+(G23<>""),WEEKDAY(F$1,2)=6),1,0),IF(AND((H23<>"" )+(I23<>""),WEEKDAY(H$1,2)=6),1,0),IF(AND((J23<>"" )+(K23<>""),WEEKDAY(J$1,2)=6),1,0),IF(AND((L23<>"" )+(M23<>""),WEEKDAY(L$1,2)=6),1,0),IF(AND((N23<>"" )+(O23<>""),WEEKDAY(N$1,2)=6),1,0),IF(AND((P23<>"" )+(Q23<>""),WEEKDAY(P$1,2)=6),1,0),IF(AND((R23<>"" )+(S23<>""),WEEKDAY(R$1,2)=6),1,0),IF(AND((T23<>"" )+(U23<>""),WEEKDAY(T$1,2)=6),1,0),IF(AND((V23<>"" )+(W23<>""),WEEKDAY(V$1,2)=6),1,0),IF(AND((X23<>"" )+(Y23<>""),WEEKDAY(X$1,2)=6),1,0),IF(AND((Z23<>"" )+(AA23<>""),WEEKDAY(Z$1,2)=6),1,0),IF(AND((AB23<>"" )+(AC23<>""),WEEKDAY(AB$1,2)=6),1,0),IF(AND((AD23<>"" )+(AE23<>""),WEEKDAY(AD$1,2)=6),1,0),IF(AND((AF23<>"" )+(AG23<>""),WEEKDAY(AF$1,2)=6),1,0),IF(AND((AH23<>"" )+(AI23<>""),WEEKDAY(AH$1,2)=6),1,0),IF(AND((AJ23<>"" )+(AK23<>""),WEEKDAY(AJ$1,2)=6),1,0),IF(AND((AL23<>"" )+(AM23<>""),WEEKDAY(AL$1,2)=6),1,0),IF(AND((AN23<>"" )+(AO23<>""),WEEKDAY(AN$1,2)=6),1,0),IF(AND((AP23<>"" )+(AQ23<>""),WEEKDAY(AP$1,2)=6),1,0),IF(AND((AR23<>"" )+(AS23<>""),WEEKDAY(AR$1,2)=6),1,0),IF(AND((AT23<>"" )+(AU23<>""),WEEKDAY(AT$1,2)=6),1,0),IF(AND((AV23<>"" )+(AW23<>""),WEEKDAY(AV$1,2)=6),1,0),IF(AND((AX23<>"" )+(AY23<>""),WEEKDAY(AX$1,2)=6),1,0),IF(AND((AZ23<>"" )+(BA23<>""),WEEKDAY(AZ$1,2)=6),1,0),IF(AND((BB23<>"" )+(BC23<>""),WEEKDAY(BB$1,2)=6),1,0),IF(AND((BD23<>"" )+(BE23<>""),WEEKDAY(BD$1,2)=6),1,0),IF(AND((BF23<>"" )+(BG23<>""),WEEKDAY(BF$1,2)=6),1,0)) -> 1
A24: R2 | B24: ARTURO VALERIO | C24: LA JOYA IV | BH24: =SUM(IF(AND(D24<>"",WEEKDAY(D$1,2)<6),1,0),IF(AND(F24<>"",WEEKDAY(F$1,2)<6),1,0),IF(AND(H24<>"",WEEKDAY(H$1,2)<6),1,0),IF(AND(J24<>"",WEEKDAY(J$1,2)<6),1,0),IF(AND(L24<>"",WEEKDAY(L$1,2)<6),1,0),IF(AND(N24<>"",WEEKDAY(N$1,2)<6),1,0),IF(AND(P24<>"",WEEKDAY(P$1,2)<6),1,0),IF(AND(R24<>"",WEEKDAY(R$1,2)<6),1,0),IF(AND(T24<>"",WEEKDAY(T$1,2)<6),1,0),IF(AND(V24<>"",WEEKDAY(V$1,2)<6),1,0),IF(AND(X24<>"",WEEKDAY(X$1,2)<6),1,0),IF(AND(Z24<>"",WEEKDAY(Z$1,2)<6),1,0),IF(AND(AB24<>"",WEEKDAY(AB$1,2)<6),1,0),IF(AND(AD24<>"",WEEKDAY(AD$1,2)<6),1,0),IF(AND(AF24<>"",WEEKDAY(AF$1,2)<6),1,0),IF(AND(AH24<>"",WEEKDAY(AH$1,2)<6),1,0),IF(AND(AJ24<>"",WEEKDAY(AJ$1,2)<6),1,0),IF(AND(AL24<>"",WEEKDAY(AL$1,2)<6),1,0),IF(AND(AN24<>"",WEEKDAY(AN$1,2)<6),1,0),IF(AND(AP24<>"",WEEKDAY(AP$1,2)<6),1,0),IF(AND(AR24<>"",WEEKDAY(AR$1,2)<6),1,0),IF(AND(AT24<>"",WEEKDAY(AT$1,2)<6),1,0),IF(AND(AV24<>"",WEEKDAY(AV$1,2)<6),1,0),IF(AND(AX24<>"",WEEKDAY(AX$1,2)<6),1,0),IF(AND(AZ24<>"",WEEKDAY(AZ$1,2)<6),1,0),IF(AND(BB24<>"",WEEKDAY(BB$1,2)<6),1,0),IF(AND(BD24<>"",WEEKDAY(BD$1,2)<6),1,0),IF(AND(BF24<>"",WEEKDAY(BF$1,2)<6),1,0)) -> 0 | BI24: =SUM(IF(AND(E24<>"",WEEKDAY(D$1,2)<6),1,0),IF(AND(G24<>"",WEEKDAY(F$1,2)<6),1,0),IF(AND(I24<>"",WEEKDAY(H$1,2)<6),1,0),IF(AND(K24<>"",WEEKDAY(J$1,2)<6),1,0),IF(AND(M24<>"",WEEKDAY(L$1,2)<6),1,0),IF(AND(O24<>"",WEEKDAY(N$1,2)<6),1,0),IF(AND(Q24<>"",WEEKDAY(P$1,2)<6),1,0),IF(AND(S24<>"",WEEKDAY(R$1,2)<6),1,0),IF(AND(U24<>"",WEEKDAY(T$1,2)<6),1,0),IF(AND(W24<>"",WEEKDAY(V$1,2)<6),1,0),IF(AND(Y24<>"",WEEKDAY(X$1,2)<6),1,0),IF(AND(AA24<>"",WEEKDAY(Z$1,2)<6),1,0),IF(AND(AC24<>"",WEEKDAY(AB$1,2)<6),1,0),IF(AND(AE24<>"",WEEKDAY(AD$1,2)<6),1,0),IF(AND(AG24<>"",WEEKDAY(AF$1,2)<6),1,0),IF(AND(AI24<>"",WEEKDAY(AH$1,2)<6),1,0),IF(AND(AK24<>"",WEEKDAY(AJ$1,2)<6),1,0),IF(AND(AM24<>"",WEEKDAY(AL$1,2)<6),1,0),IF(AND(AO24<>"",WEEKDAY(AN$1,2)<6),1,0),IF(AND(AQ24<>"",WEEKDAY(AP$1,2)<6),1,0),IF(AND(AS24<>"",WEEKDAY(AR$1,2)<6),1,0),IF(AND(AU24<>"",WEEKDAY(AT$1,2)<6),1,0),IF(AND(AW24<>"",WEEKDAY(AV$1,2)<6),1,0),IF(AND(AY24<>"",WEEKDAY(AX$1,2)<6),1,0),IF(AND(BA24<>"",WEEKDAY(AZ$1,2)<6),1,0),IF(AND(BC24<>"",WEEKDAY(BB$1,2)<6),1,0),IF(AND(BE24<>"",WEEKDAY(BD$1,2)<6),1,0),IF(AND(BG24<>"",WEEKDAY(BF$1,2)<6),1,0)) -> 0 | BJ24: =SUM(IF(AND((D24<>"" )+(E24<>""),WEEKDAY(D$1,2)=6),1,0),IF(AND((F24<>"" )+(G24<>""),WEEKDAY(F$1,2)=6),1,0),IF(AND((H24<>"" )+(I24<>""),WEEKDAY(H$1,2)=6),1,0),IF(AND((J24<>"" )+(K24<>""),WEEKDAY(J$1,2)=6),1,0),IF(AND((L24<>"" )+(M24<>""),WEEKDAY(L$1,2)=6),1,0),IF(AND((N24<>"" )+(O24<>""),WEEKDAY(N$1,2)=6),1,0),IF(AND((P24<>"" )+(Q24<>""),WEEKDAY(P$1,2)=6),1,0),IF(AND((R24<>"" )+(S24<>""),WEEKDAY(R$1,2)=6),1,0),IF(AND((T24<>"" )+(U24<>""),WEEKDAY(T$1,2)=6),1,0),IF(AND((V24<>"" )+(W24<>""),WEEKDAY(V$1,2)=6),1,0),IF(AND((X24<>"" )+(Y24<>""),WEEKDAY(X$1,2)=6),1,0),IF(AND((Z24<>"" )+(AA24<>""),WEEKDAY(Z$1,2)=6),1,0),IF(AND((AB24<>"" )+(AC24<>""),WEEKDAY(AB$1,2)=6),1,0),IF(AND((AD24<>"" )+(AE24<>""),WEEKDAY(AD$1,2)=6),1,0),IF(AND((AF24<>"" )+(AG24<>""),WEEKDAY(AF$1,2)=6),1,0),IF(AND((AH24<>"" )+(AI24<>""),WEEKDAY(AH$1,2)=6),1,0),IF(AND((AJ24<>"" )+(AK24<>""),WEEKDAY(AJ$1,2)=6),1,0),IF(AND((AL24<>"" )+(AM24<>""),WEEKDAY(AL$1,2)=6),1,0),IF(AND((AN24<>"" )+(AO24<>""),WEEKDAY(AN$1,2)=6),1,0),IF(AND((AP24<>"" )+(AQ24<>""),WEEKDAY(AP$1,2)=6),1,0),IF(AND((AR24<>"" )+(AS24<>""),WEEKDAY(AR$1,2)=6),1,0),IF(AND((AT24<>"" )+(AU24<>""),WEEKDAY(AT$1,2)=6),1,0),IF(AND((AV24<>"" )+(AW24<>""),WEEKDAY(AV$1,2)=6),1,0),IF(AND((AX24<>"" )+(AY24<>""),WEEKDAY(AX$1,2)=6),1,0),IF(AND((AZ24<>"" )+(BA24<>""),WEEKDAY(AZ$1,2)=6),1,0),IF(AND((BB24<>"" )+(BC24<>""),WEEKDAY(BB$1,2)=6),1,0),IF(AND((BD24<>"" )+(BE24<>""),WEEKDAY(BD$1,2)=6),1,0),IF(AND((BF24<>"" )+(BG24<>""),WEEKDAY(BF$1,2)=6),1,0)) -> 0
A25: R2 | B25: ARTURO VALERIO | C25: LA JOYA V | BH25: =SUM(IF(AND(D25<>"",WEEKDAY(D$1,2)<6),1,0),IF(AND(F25<>"",WEEKDAY(F$1,2)<6),1,0),IF(AND(H25<>"",WEEKDAY(H$1,2)<6),1,0),IF(AND(J25<>"",WEEKDAY(J$1,2)<6),1,0),IF(AND(L25<>"",WEEKDAY(L$1,2)<6),1,0),IF(AND(N25<>"",WEEKDAY(N$1,2)<6),1,0),IF(AND(P25<>"",WEEKDAY(P$1,2)<6),1,0),IF(AND(R25<>"",WEEKDAY(R$1,2)<6),1,0),IF(AND(T25<>"",WEEKDAY(T$1,2)<6),1,0),IF(AND(V25<>"",WEEKDAY(V$1,2)<6),1,0),IF(AND(X25<>"",WEEKDAY(X$1,2)<6),1,0),IF(AND(Z25<>"",WEEKDAY(Z$1,2)<6),1,0),IF(AND(AB25<>"",WEEKDAY(AB$1,2)<6),1,0),IF(AND(AD25<>"",WEEKDAY(AD$1,2)<6),1,0),IF(AND(AF25<>"",WEEKDAY(AF$1,2)<6),1,0),IF(AND(AH25<>"",WEEKDAY(AH$1,2)<6),1,0),IF(AND(AJ25<>"",WEEKDAY(AJ$1,2)<6),1,0),IF(AND(AL25<>"",WEEKDAY(AL$1,2)<6),1,0),IF(AND(AN25<>"",WEEKDAY(AN$1,2)<6),1,0),IF(AND(AP25<>"",WEEKDAY(AP$1,2)<6),1,0),IF(AND(AR25<>"",WEEKDAY(AR$1,2)<6),1,0),IF(AND(AT25<>"",WEEKDAY(AT$1,2)<6),1,0),IF(AND(AV25<>"",WEEKDAY(AV$1,2)<6),1,0),IF(AND(AX25<>"",WEEKDAY(AX$1,2)<6),1,0),IF(AND(AZ25<>"",WEEKDAY(AZ$1,2)<6),1,0),IF(AND(BB25<>"",WEEKDAY(BB$1,2)<6),1,0),IF(AND(BD25<>"",WEEKDAY(BD$1,2)<6),1,0),IF(AND(BF25<>"",WEEKDAY(BF$1,2)<6),1,0)) -> 0 | BI25: =SUM(IF(AND(E25<>"",WEEKDAY(D$1,2)<6),1,0),IF(AND(G25<>"",WEEKDAY(F$1,2)<6),1,0),IF(AND(I25<>"",WEEKDAY(H$1,2)<6),1,0),IF(AND(K25<>"",WEEKDAY(J$1,2)<6),1,0),IF(AND(M25<>"",WEEKDAY(L$1,2)<6),1,0),IF(AND(O25<>"",WEEKDAY(N$1,2)<6),1,0),IF(AND(Q25<>"",WEEKDAY(P$1,2)<6),1,0),IF(AND(S25<>"",WEEKDAY(R$1,2)<6),1,0),IF(AND(U25<>"",WEEKDAY(T$1,2)<6),1,0),IF(AND(W25<>"",WEEKDAY(V$1,2)<6),1,0),IF(AND(Y25<>"",WEEKDAY(X$1,2)<6),1,0),IF(AND(AA25<>"",WEEKDAY(Z$1,2)<6),1,0),IF(AND(AC25<>"",WEEKDAY(AB$1,2)<6),1,0),IF(AND(AE25<>"",WEEKDAY(AD$1,2)<6),1,0),IF(AND(AG25<>"",WEEKDAY(AF$1,2)<6),1,0),IF(AND(AI25<>"",WEEKDAY(AH$1,2)<6),1,0),IF(AND(AK25<>"",WEEKDAY(AJ$1,2)<6),1,0),IF(AND(AM25<>"",WEEKDAY(AL$1,2)<6),1,0),IF(AND(AO25<>"",WEEKDAY(AN$1,2)<6),1,0),IF(AND(AQ25<>"",WEEKDAY(AP$1,2)<6),1,0),IF(AND(AS25<>"",WEEKDAY(AR$1,2)<6),1,0),IF(AND(AU25<>"",WEEKDAY(AT$1,2)<6),1,0),IF(AND(AW25<>"",WEEKDAY(AV$1,2)<6),1,0),IF(AND(AY25<>"",WEEKDAY(AX$1,2)<6),1,0),IF(AND(BA25<>"",WEEKDAY(AZ$1,2)<6),1,0),IF(AND(BC25<>"",WEEKDAY(BB$1,2)<6),1,0),IF(AND(BE25<>"",WEEKDAY(BD$1,2)<6),1,0),IF(AND(BG25<>"",WEEKDAY(BF$1,2)<6),1,0)) -> 0 | BJ25: =SUM(IF(AND((D25<>"" )+(E25<>""),WEEKDAY(D$1,2)=6),1,0),IF(AND((F25<>"" )+(G25<>""),WEEKDAY(F$1,2)=6),1,0),IF(AND((H25<>"" )+(I25<>""),WEEKDAY(H$1,2)=6),1,0),IF(AND((J25<>"" )+(K25<>""),WEEKDAY(J$1,2)=6),1,0),IF(AND((L25<>"" )+(M25<>""),WEEKDAY(L$1,2)=6),1,0),IF(AND((N25<>"" )+(O25<>""),WEEKDAY(N$1,2)=6),1,0),IF(AND((P25<>"" )+(Q25<>""),WEEKDAY(P$1,2)=6),1,0),IF(AND((R25<>"" )+(S25<>""),WEEKDAY(R$1,2)=6),1,0),IF(AND((T25<>"" )+(U25<>""),WEEKDAY(T$1,2)=6),1,0),IF(AND((V25<>"" )+(W25<>""),WEEKDAY(V$1,2)=6),1,0),IF(AND((X25<>"" )+(Y25<>""),WEEKDAY(X$1,2)=6),1,0),IF(AND((Z25<>"" )+(AA25<>""),WEEKDAY(Z$1,2)=6),1,0),IF(AND((AB25<>"" )+(AC25<>""),WEEKDAY(AB$1,2)=6),1,0),IF(AND((AD25<>"" )+(AE25<>""),WEEKDAY(AD$1,2)=6),1,0),IF(AND((AF25<>"" )+(AG25<>""),WEEKDAY(AF$1,2)=6),1,0),IF(AND((AH25<>"" )+(AI25<>""),WEEKDAY(AH$1,2)=6),1,0),IF(AND((AJ25<>"" )+(AK25<>""),WEEKDAY(AJ$1,2)=6),1,0),IF(AND((AL25<>"" )+(AM25<>""),WEEKDAY(AL$1,2)=6),1,0),IF(AND((AN25<>"" )+(AO25<>""),WEEKDAY(AN$1,2)=6),1,0),IF(AND((AP25<>"" )+(AQ25<>""),WEEKDAY(AP$1,2)=6),1,0),IF(AND((AR25<>"" )+(AS25<>""),WEEKDAY(AR$1,2)=6),1,0),IF(AND((AT25<>"" )+(AU25<>""),WEEKDAY(AT$1,2)=6),1,0),IF(AND((AV25<>"" )+(AW25<>""),WEEKDAY(AV$1,2)=6),1,0),IF(AND((AX25<>"" )+(AY25<>""),WEEKDAY(AX$1,2)=6),1,0),IF(AND((AZ25<>"" )+(BA25<>""),WEEKDAY(AZ$1,2)=6),1,0),IF(AND((BB25<>"" )+(BC25<>""),WEEKDAY(BB$1,2)=6),1,0),IF(AND((BD25<>"" )+(BE25<>""),WEEKDAY(BD$1,2)=6),1,0),IF(AND((BF25<>"" )+(BG25<>""),WEEKDAY(BF$1,2)=6),1,0)) -> 0
